year,date,stage,where,team,result,goals_scored,goals_conceded
1930,13 Jul 1930 - 15:00,Group 1,home,France,3,4,1
1930,13 Jul 1930 - 15:00,Group 4,home,USA,3,3,0
1930,14 Jul 1930 - 12:45,Group 2,home,Yugoslavia,3,2,1
1930,14 Jul 1930 - 14:50,Group 3,home,Romania,3,3,1
1930,15 Jul 1930 - 16:00,Group 1,home,Argentina,3,1,0
1930,16 Jul 1930 - 14:45,Group 1,home,Chile,3,3,0
1930,17 Jul 1930 - 12:45,Group 2,home,Yugoslavia,3,4,0
1930,17 Jul 1930 - 14:45,Group 4,home,USA,3,3,0
1930,18 Jul 1930 - 14:30,Group 3,home,Uruguay,3,1,0
1930,19 Jul 1930 - 12:50,Group 1,home,Chile,3,1,0
1930,19 Jul 1930 - 15:00,Group 1,home,Argentina,3,6,3
1930,20 Jul 1930 - 13:00,Group 2,home,Brazil,3,4,0
1930,20 Jul 1930 - 15:00,Group 4,home,Paraguay,3,1,0
1930,21 Jul 1930 - 14:50,Group 3,home,Uruguay,3,4,0
1930,22 Jul 1930 - 14:45,Group 1,home,Argentina,3,3,1
1950,24 Jun 1950 - 15:00,Group 1,home,Brazil,3,4,0
1950,25 Jun 1950 - 15:00,Group 2,home,England,3,2,0
1950,25 Jun 1950 - 15:00,Group 2,home,Spain,3,3,1
1950,25 Jun 1950 - 15:00,Group 3,home,Sweden,3,3,2
1950,25 Jun 1950 - 15:00,Group 1,home,Yugoslavia,3,3,0
1950,28 Jun 1950 - 15:00,Group 1,home,Brazil,1,2,2
1950,28 Jun 1950 - 15:00,Group 1,home,Yugoslavia,3,4,1
1950,29 Jun 1950 - 15:00,Group 2,home,Spain,3,2,0
1950,29 Jun 1950 - 15:30,Group 3,home,Sweden,1,2,2
1950,29 Jun 1950 - 15:00,Group 2,home,USA,3,1,0
1950,01 Jul 1950 - 15:00,Group 1,home,Brazil,3,2,0
1950,02 Jul 1950 - 15:00,Group 2,home,Spain,3,1,0
1950,02 Jul 1950 - 15:00,Group 3,home,Italy,3,2,0
1950,02 Jul 1950 - 15:00,Group 4,home,Uruguay,3,8,0
1950,02 Jul 1950 - 15:40,Group 1,home,Switzerland,3,2,1
1950,02 Jul 1950 - 15:00,Group 2,home,Chile,3,5,2
1950,09 Jul 1950 - 15:00,Group 6,home,Uruguay,1,2,2
1950,09 Jul 1950 - 15:00,Group 6,home,Brazil,3,7,1
1950,13 Jul 1950 - 15:00,Group 6,home,Brazil,3,6,1
1950,13 Jul 1950 - 15:00,Group 6,home,Uruguay,3,3,2
1950,16 Jul 1950 - 15:00,Group 6,home,Sweden,3,3,1
1950,16 Jul 1950 - 15:00,Group 6,home,Uruguay,3,2,1
1954,16 Jun 1954 - 18:00,Group 3,home,Uruguay,3,2,0
1954,16 Jun 1954 - 18:00,Group 3,home,Austria,3,1,0
1954,16 Jun 1954 - 18:00,Group 1,home,Brazil,3,5,0
1954,16 Jun 1954 - 18:00,Group 1,home,Yugoslavia,3,1,0
1954,17 Jun 1954 - 18:00,Group 2,home,Germany FR,3,4,1
1954,17 Jun 1954 - 18:00,Group 2,home,Hungary,3,9,0
1954,17 Jun 1954 - 18:10,Group 4,home,England,1,4,4
1954,17 Jun 1954 - 17:50,Group 4,home,Switzerland,3,2,1
1954,19 Jun 1954 - 16:50,Group 3,home,Uruguay,3,7,0
1954,19 Jun 1954 - 17:00,Group 3,home,Austria,3,5,0
1954,19 Jun 1954 - 17:10,Group 1,home,France,3,3,2
1954,19 Jun 1954 - 17:00,Group 1,home,Brazil,1,1,1
1954,20 Jun 1954 - 16:50,Group 2,home,Hungary,3,8,3
1954,20 Jun 1954 - 17:00,Group 2,home,Turkey,3,7,0
1954,20 Jun 1954 - 17:10,Group 4,home,England,3,2,0
1954,20 Jun 1954 - 17:00,Group 4,home,Italy,3,4,1
1954,23 Jun 1954 - 18:00,Group 2,home,Germany FR,3,7,2
1954,23 Jun 1954 - 18:00,Group 4,home,Switzerland,3,4,1
1958,08 Jun 1958 - 14:00,Group 3,home,Sweden,3,3,0
1958,08 Jun 1958 - 19:00,Group 4,home,Soviet Union,1,2,2
1958,08 Jun 1958 - 19:00,Group 1,home,Argentina,0,1,3
1958,08 Jun 1958 - 19:00,Group 3,home,Hungary,1,1,1
1958,08 Jun 1958 - 19:00,Group 2,home,France,3,7,3
1958,08 Jun 1958 - 19:00,Group 2,home,Yugoslavia,1,1,1
1958,08 Jun 1958 - 19:00,Group 4,home,Brazil,3,3,0
1958,08 Jun 1958 - 19:00,Group 1,home,Northern Ireland,3,1,0
1958,11 Jun 1958 - 19:00,Group 4,home,Brazil,1,0,0
1958,11 Jun 1958 - 19:00,Group 3,home,Mexico,1,1,1
1958,11 Jun 1958 - 19:00,Group 2,home,Paraguay,3,3,2
1958,11 Jun 1958 - 19:00,Group 2,home,Yugoslavia,3,3,2
1958,11 Jun 1958 - 19:00,Group 4,home,Soviet Union,3,2,0
1958,11 Jun 1958 - 19:00,Group 1,home,Germany FR,1,2,2
1958,11 Jun 1958 - 19:00,Group 1,home,Argentina,3,3,1
1958,12 Jun 1958 - 19:00,Group 3,home,Sweden,3,2,1
1958,15 Jun 1958 - 14:00,Group 3,home,Sweden,1,0,0
1958,15 Jun 1958 - 19:00,Group 4,home,Brazil,3,2,0
1958,15 Jun 1958 - 19:00,Group 1,home,Germany FR,1,2,2
1958,15 Jun 1958 - 19:00,Group 3,home,Hungary,3,4,0
1958,15 Jun 1958 - 19:00,Group 2,home,Paraguay,1,3,3
1958,15 Jun 1958 - 19:00,Group 2,home,France,3,2,1
1958,15 Jun 1958 - 19:00,Group 4,home,England,1,2,2
1958,15 Jun 1958 - 19:00,Group 1,home,Czechoslovakia,3,6,1
1958,17 Jun 1958 - 19:00,Group 4,home,Soviet Union,3,1,0
1958,17 Jun 1958 - 19:00,Group 1,home,Northern Ireland,3,2,1
1958,17 Jun 1958 - 19:00,Group 3,home,Wales,3,2,1
1962,30 May 1962 - 15:00,Group 1,home,Uruguay,3,2,1
1962,30 May 1962 - 15:00,Group 3,home,Brazil,3,2,0
1962,30 May 1962 - 15:00,Group 4,home,Argentina,3,1,0
1962,30 May 1962 - 15:00,Group 2,home,Chile,3,3,1
1962,31 May 1962 - 15:00,Group 1,home,Soviet Union,3,2,0
1962,31 May 1962 - 15:00,Group 3,home,Czechoslovakia,3,1,0
1962,31 May 1962 - 15:00,Group 4,home,Hungary,3,2,1
1962,31 May 1962 - 15:00,Group 2,home,Germany FR,1,0,0
1962,02 Jun 1962 - 15:00,Group 1,home,Yugoslavia,3,3,1
1962,02 Jun 1962 - 15:00,Group 3,home,Brazil,1,0,0
1962,02 Jun 1962 - 15:00,Group 4,home,England,3,3,1
1962,02 Jun 1962 - 15:00,Group 2,home,Chile,3,2,0
1962,03 Jun 1962 - 15:00,Group 1,home,Soviet Union,1,4,4
1962,03 Jun 1962 - 15:00,Group 3,home,Spain,3,1,0
1962,03 Jun 1962 - 15:00,Group 4,home,Hungary,3,6,1
1962,03 Jun 1962 - 15:00,Group 2,home,Germany FR,3,2,1
1962,06 Jun 1962 - 15:00,Group 1,home,Soviet Union,3,2,1
1962,06 Jun 1962 - 15:00,Group 3,home,Brazil,3,2,1
1962,06 Jun 1962 - 15:00,Group 4,home,Hungary,1,0,0
1962,06 Jun 1962 - 15:00,Group 2,home,Germany FR,3,2,0
1962,07 Jun 1962 - 15:00,Group 1,home,Yugoslavia,3,5,0
1962,07 Jun 1962 - 15:00,Group 3,home,Mexico,3,3,1
1962,07 Jun 1962 - 15:00,Group 4,home,England,1,0,0
1962,07 Jun 1962 - 15:00,Group 2,home,Italy,3,3,0
1966,11 Jul 1966 - 19:30,Group 1,home,England,1,0,0
1966,12 Jul 1966 - 19:30,Group 2,home,Germany FR,3,5,0
1966,12 Jul 1966 - 19:30,Group 3,home,Brazil,3,2,0
1966,12 Jul 1966 - 19:30,Group 4,home,Soviet Union,3,3,0
1966,13 Jul 1966 - 19:30,Group 1,home,France,1,1,1
1966,13 Jul 1966 - 19:30,Group 3,home,Portugal,3,3,1
1966,13 Jul 1966 - 19:30,Group 2,home,Argentina,3,2,1
1966,13 Jul 1966 - 19:30,Group 4,home,Italy,3,2,0
1966,15 Jul 1966 - 19:30,Group 1,home,Uruguay,3,2,1
1966,15 Jul 1966 - 19:30,Group 2,home,Spain,3,2,1
1966,15 Jul 1966 - 19:30,Group 3,home,Hungary,3,3,1
1966,15 Jul 1966 - 19:30,Group 4,home,Korea DPR,1,1,1
1966,16 Jul 1966 - 15:00,Group 3,home,Portugal,3,3,0
1966,16 Jul 1966 - 15:00,Group 2,home,Germany FR,1,0,0
1966,16 Jul 1966 - 15:00,Group 4,home,Soviet Union,3,1,0
1966,16 Jul 1966 - 19:30,Group 1,home,England,3,2,0
1966,19 Jul 1966 - 16:30,Group 1,home,Uruguay,1,0,0
1966,19 Jul 1966 - 19:30,Group 2,home,Argentina,3,2,0
1966,19 Jul 1966 - 19:30,Group 3,home,Portugal,3,3,1
1966,19 Jul 1966 - 19:30,Group 4,home,Korea DPR,3,1,0
1966,20 Jul 1966 - 19:30,Group 1,home,England,3,2,0
1966,20 Jul 1966 - 19:30,Group 3,home,Hungary,3,3,1
1966,20 Jul 1966 - 19:30,Group 2,home,Germany FR,3,2,1
1966,20 Jul 1966 - 19:30,Group 4,home,Soviet Union,3,2,1
1970,31 May 1970 - 12:00,Group 1,home,Mexico,1,0,0
1970,02 Jun 1970 - 16:00,Group 2,home,Uruguay,3,2,0
1970,02 Jun 1970 - 16:00,Group 4,home,Peru,3,3,2
1970,02 Jun 1970 - 16:00,Group 3,home,England,3,1,0
1970,03 Jun 1970 - 16:00,Group 2,home,Italy,3,1,0
1970,03 Jun 1970 - 16:00,Group 4,home,Germany FR,3,2,1
1970,03 Jun 1970 - 16:00,Group 3,home,Brazil,3,4,1
1970,03 Jun 1970 - 16:00,Group 1,home,Belgium,3,3,0
1970,06 Jun 1970 - 16:00,Group 2,home,Uruguay,1,0,0
1970,06 Jun 1970 - 16:00,Group 4,home,Peru,3,3,0
1970,06 Jun 1970 - 16:00,Group 3,home,Romania,3,2,1
1970,06 Jun 1970 - 16:00,Group 1,home,Soviet Union,3,4,1
1970,07 Jun 1970 - 12:00,Group 2,home,Sweden,1,1,1
1970,07 Jun 1970 - 12:00,Group 4,home,Germany FR,3,5,2
1970,07 Jun 1970 - 12:00,Group 3,home,Brazil,3,1,0
1970,07 Jun 1970 - 12:00,Group 1,home,Mexico,3,4,0
1970,10 Jun 1970 - 16:00,Group 2,home,Sweden,3,1,0
1970,10 Jun 1970 - 16:00,Group 4,home,Germany FR,3,3,1
1970,10 Jun 1970 - 16:00,Group 3,home,Brazil,3,3,2
1970,10 Jun 1970 - 16:00,Group 1,home,Soviet Union,3,2,0
1970,11 Jun 1970 - 16:00,Group 2,home,Italy,1,0,0
1970,11 Jun 1970 - 16:00,Group 4,home,Bulgaria,1,1,1
1970,11 Jun 1970 - 16:00,Group 3,home,England,3,1,0
1970,11 Jun 1970 - 16:00,Group 1,home,Mexico,3,1,0
1974,13 Jun 1974 - 17:00,Group 2,home,Brazil,1,0,0
1974,14 Jun 1974 - 16:00,Group 1,home,Germany FR,3,1,0
1974,14 Jun 1974 - 19:30,Group 1,home,German DR,3,2,0
1974,14 Jun 1974 - 19:30,Group 2,home,Zaire,0,0,2
1974,15 Jun 1974 - 16:00,Group 3,home,Uruguay,0,0,2
1974,15 Jun 1974 - 16:00,Group 3,home,Sweden,1,0,0
1974,15 Jun 1974 - 18:00,Group 4,home,Italy,3,3,1
1974,15 Jun 1974 - 18:00,Group 4,home,Poland,3,3,2
1974,18 Jun 1974 - 16:00,Group 1,home,Australia,0,0,3
1974,18 Jun 1974 - 19:30,Group 2,home,Scotland,1,0,0
1974,18 Jun 1974 - 19:30,Group 1,home,Chile,1,1,1
1974,18 Jun 1974 - 19:30,Group 2,home,Yugoslavia,3,9,0
1974,19 Jun 1974 - 19:30,Group 3,home,Netherlands,1,0,0
1974,19 Jun 1974 - 19:30,Group 3,home,Bulgaria,1,1,1
1974,19 Jun 1974 - 19:30,Group 4,home,Haiti,0,0,7
1974,19 Jun 1974 - 19:30,Group 4,home,Argentina,1,1,1
1974,22 Jun 1974 - 16:00,Group 2,home,Scotland,1,1,1
1974,22 Jun 1974 - 16:00,Group 1,home,Australia,1,0,0
1974,22 Jun 1974 - 16:00,Group 2,home,Zaire,0,0,3
1974,22 June 1974 - 19:30,Group 1,home,German DR,3,1,0
1974,23 Jun 1974 - 16:00,Group 3,home,Bulgaria,0,1,4
1974,23 Jun 1974 - 16:00,Group 4,home,Argentina,3,4,1
1974,23 Jun 1974 - 16:00,Group 3,home,Sweden,3,3,0
1974,23 Jun 1974 - 16:00,Group 4,home,Poland,3,2,1
1974,26 Jun 1974 - 16:00,Group B,home,Yugoslavia,0,0,2
1974,26 Jun 1974 - 19:30,Group A,home,Brazil,3,1,0
1974,26 Jun 1974 - 19:30,Group A,home,Netherlands,3,4,0
1974,26 Jun 1974 - 19:30,Group B,home,Sweden,0,0,1
1974,30 Jun 1974 - 16:00,Group A,home,Argentina,0,1,2
1974,30 Jun 1974 - 16:00,Group B,home,Poland,3,2,1
1974,30 Jun 1974 - 16:00,Group A,home,German DR,0,0,2
1974,30 Jun 1974 - 19:30,Group B,home,Germany FR,3,4,2
1974,03 Jul 1974 - 17:00,Group B,home,Poland,0,0,1
1974,03 Jul 1974 - 19:30,Group A,home,Netherlands,3,2,0
1974,03 Jul 1974 - 19:30,Group A,home,Argentina,1,1,1
1974,03 Jul 1974 - 19:30,Group B,home,Sweden,3,2,1
1978,01 Jun 1978 - 15:00,Group 2,home,Germany FR,1,0,0
1978,02 Jun 1978 - 13:45,Group 1,home,Italy,3,2,1
1978,02 Jun 1978 - 16:45,Group 2,home,Tunisia,3,3,1
1978,02 Jun 1978 - 19:15,Group 1,home,Argentina,3,2,1
1978,03 Jun 1978 - 13:45,Group 3,home,Sweden,1,1,1
1978,03 Jun 1978 - 13:45,Group 3,home,Austria,3,2,1
1978,03 Jun 1978 - 16:45,Group 4,home,Peru,3,3,1
1978,03 Jun 1978 - 16:45,Group 4,home,Netherlands,3,3,0
1978,06 Jun 1978 - 13:45,Group 1,home,Italy,3,3,1
1978,06 Jun 1978 - 16:45,Group 2,home,Poland,3,1,0
1978,06 Jun 1978 - 16:45,Group 2,home,Germany FR,3,6,0
1978,06 Jun 1978 - 19:15,Group 1,home,Argentina,3,2,1
1978,07 Jun 1978 - 13:45,Group 3,home,Brazil,1,0,0
1978,07 Jun 1978 - 13:45,Group 3,home,Austria,3,1,0
1978,07 Jun 1978 - 16:45,Group 4,home,Scotland,1,1,1
1978,07 Jun 1978 - 16:45,Group 4,home,Netherlands,1,0,0
1978,10 Jun 1978 - 15:10,Group 1,home,France,3,3,1
1978,10 Jun 1978 - 16:45,Group 2,home,Poland,3,3,1
1978,10 Jun 1978 - 16:45,Group 2,home,Germany FR,1,0,0
1978,10 Jun 1978 - 19:15,Group 1,home,Italy,3,1,0
1978,11 Jun 1978 - 13:45,Group 3,home,Brazil,3,1,0
1978,11 Jun 1978 - 13:45,Group 3,home,Spain,3,1,0
1978,11 Jun 1978 - 16:45,Group 4,home,Peru,3,4,1
1978,11 Jun 1978 - 16:45,Group 4,home,Scotland,3,3,2
1978,14 Jun 1978 - 13:45,Group A,home,Germany FR,1,0,0
1978,14 Jun 1978 - 13:45,Group A,home,Netherlands,3,5,1
1978,14 Jun 1978 - 16:45,Group B,home,Brazil,3,3,0
1978,14 Jun 1978 - 19:15,Group B,home,Argentina,3,2,0
1978,18 Jun 1978 - 13:45,Group B,home,Poland,3,1,0
1978,18 Jun 1978 - 16:45,Group A,home,Italy,3,1,0
1978,18 Jun 1978 - 16:45,Group A,home,Germany FR,1,2,2
1978,18 Jun 1978 - 19:15,Group B,home,Argentina,1,0,0
1978,21 Jun 1978 - 13:45,Group A,home,Netherlands,3,2,1
1978,21 Jun 1978 - 13:45,Group A,home,Austria,3,3,2
1978,21 Jun 1978 - 16:45,Group B,home,Brazil,3,3,1
1978,21 Jun 1978 - 19:15,Group B,home,Argentina,3,6,0
1982,13 Jun 1982 - 20:00,Group 3,home,Argentina,0,0,1
1982,14 Jun 1982 - 17:15,Group 1,home,Italy,1,0,0
1982,14 Jun 1982 - 21:00,Group 6,home,Brazil,3,2,1
1982,15 Jun 1982 - 17:15,Group 1,home,Peru,1,0,0
1982,15 Jun 1982 - 21:00,Group 3,home,Hungary,3,10,1
1982,15 Jun 1982 - 21:00,Group 6,home,Scotland,3,5,2
1982,16 Jun 1982 - 17:15,Group 2,home,Germany FR,0,1,2
1982,16 Jun 1982 - 17:15,Group 4,home,England,3,3,1
1982,16 Jun 1982 - 21:00,Group 5,home,Spain,1,1,1
1982,17 Jun 1982 - 17:15,Group 2,home,Chile,0,0,1
1982,17 Jun 1982 - 17:45,Group 4,home,Czechoslovakia,1,1,1
1982,17 Jun 1982 - 21:00,Group 5,home,Yugoslavia,1,0,0
1982,18 Jun 1982 - 17:15,Group 1,home,Italy,1,1,1
1982,18 Jun 1982 - 21:00,Group 3,home,Argentina,3,4,1
1982,18 Jun 1982 - 21:00,Group 6,home,Brazil,3,4,1
1982,19 Jun 1982 - 19:15,Group 1,home,Poland,1,0,0
1982,19 Jun 1982 - 21:00,Group 3,home,Belgium,3,1,0
1982,19 Jun 1982 - 21:00,Group 6,home,Soviet Union,3,3,0
1982,20 Jun 1982 - 17:15,Group 2,home,Germany FR,3,4,1
1982,20 Jun 1982 - 17:15,Group 4,home,England,3,2,0
1982,20 Jun 1982 - 21:00,Group 5,home,Spain,3,2,1
1982,21 Jun 1982 - 17:15,Group 2,home,Algeria,0,0,2
1982,21 Jun 1982 - 17:15,Group 4,home,France,3,4,1
1982,21 Jun 1982 - 21:00,Group 5,home,Honduras,1,1,1
1982,22 Jun 1982 - 17:15,Group 1,home,Poland,3,5,1
1982,22 Jun 1982 - 21:00,Group 3,home,Belgium,1,1,1
1982,22 Jun 1982 - 21:00,Group 6,home,Soviet Union,1,2,2
1982,23 Jun 1982 - 17:15,Group 1,home,Italy,1,1,1
1982,23 Jun 1982 - 21:00,Group 3,home,Argentina,3,2,0
1982,23 Jun 1982 - 21:00,Group 6,home,Brazil,3,4,0
1982,24 Jun 1982 - 17:15,Group 2,home,Algeria,3,3,2
1982,24 Jun 1982 - 17:15,Group 4,home,France,1,1,1
1982,24 Jun 1982 - 21:00,Group 5,home,Honduras,0,0,1
1982,25 Jun 1982 - 17:15,Group 2,home,Germany FR,3,1,0
1982,25 Jun 1982 - 17:15,Group 4,home,England,3,1,0
1982,25 Jun 1982 - 21:00,Group 5,home,Northern Ireland,3,1,0
1982,28 Jun 1982 - 17:15,Group 4,home,Austria,0,0,1
1982,28 Jun 1982 - 21:00,Group 1,home,Poland,3,3,0
1982,29 Jun 1982 - 17:15,Group 3,home,Italy,3,2,1
1982,29 Jun 1982 - 21:00,Group 2,home,Germany FR,1,0,0
1982,01 Jul 1982 - 17:15,Group 4,home,Austria,1,2,2
1982,01 Jul 1982 - 21:00,Group 1,home,Belgium,0,0,1
1982,02 Jul 1982 - 17:15,Group 3,home,Argentina,0,1,3
1982,02 Jul 1982 - 21:00,Group 2,home,Germany FR,3,2,1
1982,04 Jul 1982 - 17:15,Group 4,home,France,3,4,1
1982,04 Jul 1982 - 21:00,Group 1,home,Poland,1,0,0
1982,05 Jul 1982 - 17:15,Group 3,home,Italy,3,3,2
1982,05 Jul 1982 - 21:00,Group 2,home,Spain,1,0,0
1986,31 May 1986 - 12:00,Group A,home,Bulgaria,1,1,1
1986,01 Jun 1986 - 16:00,Group C,home,Canada,0,0,1
1986,01 Jun 1986 - 12:00,Group D,home,Spain,0,0,1
1986,02 Jun 1986 - 12:00,Group C,home,Soviet Union,3,6,0
1986,02 Jun 1986 - 12:00,Group A,home,Argentina,3,3,1
1986,02 Jun 1986 - 16:00,Group F,home,Morocco,1,0,0
1986,03 Jun 1986 - 12:00,Group D,home,Algeria,1,1,1
1986,03 Jun 1986 - 12:00,Group B,home,Belgium,0,1,2
1986,03 Jun 1986 - 16:00,Group F,home,Portugal,3,1,0
1986,04 Jun 1986 - 12:00,Group B,home,Paraguay,3,1,0
1986,04 Jun 1986 - 16:00,Group E,home,Scotland,0,0,1
1986,04 Jun 1986 - 12:00,Group E,home,Uruguay,1,1,1
1986,05 Jun 1986 - 12:00,Group A,home,Italy,1,1,1
1986,05 Jun 1986 - 12:00,Group C,home,France,1,1,1
1986,05 Jun 1986 - 16:00,Group A,home,Korea Republic,1,1,1
1986,06 Jun 1986 - 12:00,Group C,home,Hungary,3,2,0
1986,06 Jun 1986 - 12:00,Group D,home,Brazil,3,1,0
1986,06 Jun 1986 - 16:00,Group F,home,England,1,0,0
1986,07 Jun 1986 - 12:00,Group D,home,Northern Ireland,0,1,2
1986,07 Jun 1986 - 12:00,Group B,home,Mexico,1,1,1
1986,07 Jun 1986 - 16:00,Group F,home,Poland,3,1,0
1986,08 Jun 1986 - 12:00,Group B,home,Iraq,0,1,2
1986,08 Jun 1986 - 16:00,Group E,home,Denmark,3,6,1
1986,08 Jun 1986 - 12:00,Group E,home,Germany FR,3,2,1
1986,09 Jun 1986 - 12:00,Group C,home,Hungary,0,0,3
1986,09 Jun 1986 - 12:00,Group C,home,Soviet Union,3,2,0
1986,10 Jun 1986 - 12:00,Group A,home,Korea Republic,0,2,3
1986,10 Jun 1986 - 12:00,Group A,home,Argentina,3,2,0
1986,11 Jun 1986 - 12:00,Group B,home,Paraguay,1,2,2
1986,11 Jun 1986 - 12:00,Group B,home,Iraq,0,0,1
1986,11 Jun 1986 - 16:00,Group F,home,Portugal,0,1,3
1986,11 Jun 1986 - 16:00,Group F,home,England,3,3,0
1986,12 Jun 1986 - 12:00,Group D,home,Northern Ireland,0,0,3
1986,12 Jun 1986 - 12:00,Group D,home,Algeria,0,0,3
1986,13 Jun 1986 - 12:00,Group E,home,Scotland,1,0,0
1986,13 Jun 1986 - 12:00,Group E,home,Denmark,3,2,0
1990,08 Jun 1990 - 18:00,Group B,home,Argentina,0,0,1
1990,09 Jun 1990 - 17:00,Group B,home,Soviet Union,0,0,2
1990,09 Jun 1990 - 17:00,Group D,home,"rn"">United Arab Emirates",0,0,2
1990,09 Jun 1990 - 21:00,Group A,home,Italy,3,1,0
1990,10 Jun 1990 - 17:00,Group A,home,USA,0,1,5
1990,10 Jun 1990 - 21:00,Group C,home,Brazil,3,2,1
1990,10 Jun 1990 - 21:00,Group D,home,Germany FR,3,4,1
1990,11 Jun 1990 - 17:00,Group C,home,Costa Rica,3,1,0
1990,11 Jun 1990 - 21:00,Group F,home,England,1,1,1
1990,12 Jun 1990 - 17:00,Group E,home,Belgium,3,2,0
1990,12 Jun 1990 - 21:00,Group F,home,Netherlands,1,1,1
1990,13 Jun 1990 - 17:00,Group E,home,Uruguay,1,0,0
1990,13 Jun 1990 - 21:00,Group B,home,Argentina,3,2,0
1990,14 Jun 1990 - 17:00,Group B,home,Cameroon,3,2,1
1990,14 Jun 1990 - 17:00,Group D,home,Yugoslavia,3,1,0
1990,14 Jun 1990 - 21:00,Group A,home,Italy,3,1,0
1990,15 Jun 1990 - 17:00,Group A,home,Austria,0,0,1
1990,15 Jun 1990 - 21:00,Group D,home,Germany FR,3,5,1
1990,16 Jun 1990 - 17:00,Group C,home,Brazil,3,1,0
1990,16 Jun 1990 - 21:00,Group C,home,Sweden,0,1,2
1990,16 Jun 1990 - 21:00,Group F,home,England,1,0,0
1990,17 Jun 1990 - 17:00,Group F,home,"rn"">Republic of Ireland",1,0,0
1990,17 Jun 1990 - 21:00,Group E,home,Korea Republic,0,1,3
1990,17 Jun 1990 - 21:00,Group E,home,Belgium,3,3,1
1990,18 Jun 1990 - 21:00,Group B,home,Argentina,1,1,1
1990,18 Jun 1990 - 21:00,Group B,home,Cameroon,0,0,4
1990,19 Jun 1990 - 17:00,Group D,home,Germany FR,1,1,1
1990,19 Jun 1990 - 17:00,Group D,home,Yugoslavia,3,4,1
1990,19 Jun 1990 - 21:00,Group A,home,Italy,3,2,0
1990,19 Jun 1990 - 21:00,Group A,home,Austria,3,2,1
1990,20 Jun 1990 - 21:00,Group C,home,Brazil,3,1,0
1990,20 Jun 1990 - 21:00,Group C,home,Sweden,0,1,2
1990,21 Jun 1990 - 17:00,Group E,home,Korea Republic,0,0,1
1990,21 Jun 1990 - 17:00,Group E,home,Belgium,0,1,2
1990,21 Jun 1990 - 21:00,Group F,home,"rn"">Republic of Ireland",1,1,1
1990,21 Jun 1990 - 21:00,Group F,home,England,3,1,0
1994,17 Jun 1994 - 19:30,Group C,home,Spain,1,2,2
1994,17 Jun 1994 - 15:00,Group C,home,Germany,3,1,0
1994,18 Jun 1994 - 11:30,Group A,home,USA,1,1,1
1994,18 Jun 1994 - 16:00,Group E,home,Italy,0,0,1
1994,18 Jun 1994 - 19:30,Group A,home,Colombia,0,1,3
1994,19 Jun 1994 - 12:30,Group F,home,Belgium,3,1,0
1994,19 Jun 1994 - 16:00,Group E,home,Norway,3,1,0
1994,19 Jun 1994 - 19:30,Group B,home,Cameroon,1,2,2
1994,20 Jun 1994 - 19:30,Group F,home,Netherlands,3,2,1
1994,20 Jun 1994 - 16:00,Group B,home,Brazil,3,2,0
1994,21 Jun 1994 - 12:30,Group D,home,Argentina,3,4,0
1994,21 Jun 1994 - 19:30,Group D,home,Nigeria,3,3,0
1994,21 Jun 1994 - 16:00,Group C,home,Germany,1,1,1
1994,22 Jun 1994 - 16:00,Group A,home,Romania,0,1,4
1994,22 Jun 1994 - 19:30,Group A,home,USA,3,2,1
1994,23 Jun 1994 - 16:00,Group E,home,Italy,3,1,0
1994,23 Jun 1994 - 19:30,Group C,home,Korea Republic,1,0,0
1994,24 Jun 1994 - 12:30,Group E,home,Mexico,3,2,1
1994,24 Jun 1994 - 19:30,Group B,home,Sweden,3,3,1
1994,24 Jun 1994 - 16:00,Group B,home,Brazil,3,3,0
1994,25 Jun 1994 - 12:30,Group F,home,Belgium,3,1,0
1994,25 Jun 1994 - 12:30,Group F,home,Saudi Arabia,3,2,1
1994,25 Jun 1994 - 16:00,Group D,home,Argentina,3,2,1
1994,26 Jun 1994 - 12:30,Group D,home,Bulgaria,3,4,0
1994,26 Jun 1994 - 16:00,Group A,home,USA,0,0,1
1994,26 Jun 1994 - 16:00,Group A,home,Switzerland,0,0,2
1994,27 Jun 1994 - 16:00,Group C,home,Germany,3,3,2
1994,27 Jun 1994 - 16:00,Group C,home,Bolivia,0,1,3
1994,28 Jun 1994 - 12:30,Group E,home,"rn"">Republic of Ireland",1,0,0
1994,28 Jun 1994 - 16:00,Group B,home,Brazil,1,1,1
1994,28 Jun 1994 - 12:30,Group E,home,Italy,1,1,1
1994,28 Jun 1994 - 16:00,Group B,home,Russia,3,6,1
1994,29 Jun 1994 - 12:30,Group F,home,Morocco,0,1,2
1994,29 Jun 1994 - 12:30,Group F,home,Belgium,0,0,1
1994,30 Jun 1994 - 19:30,Group D,home,Greece,0,0,2
1994,30 Jun 1994 - 19:30,Group D,home,Argentina,0,0,2
1998,10 Jun 1998 - 17:30,Group A,home,Brazil,3,2,1
1998,10 Jun 1998 - 21:00,Group A,home,Morocco,1,2,2
1998,11 Jun 1998 - 17:30,Group B,home,Italy,1,2,2
1998,11 Jun 1998 - 21:00,Group B,home,Cameroon,1,1,1
1998,12 Jun 1998 - 14:30,Group D,home,Paraguay,1,0,0
1998,12 Jun 1998 - 17:30,Group C,home,Saudi Arabia,0,0,1
1998,12 Jun 1998 - 21:00,Group C,home,France,3,3,0
1998,13 Jun 1998 - 14:30,Group D,home,Spain,0,2,3
1998,13 Jun 1998 - 17:30,Group E,home,Korea Republic,0,1,3
1998,13 Jun 1998 - 21:00,Group E,home,Netherlands,1,0,0
1998,14 Jun 1998 - 14:30,Group H,home,Argentina,3,1,0
1998,14 Jun 1998 - 17:30,Group F,home,Yugoslavia,3,1,0
1998,14 Jun 1998 - 21:00,Group H,home,Jamaica,0,1,3
1998,15 Jun 1998 - 14:30,Group G,home,England,3,2,0
1998,15 Jun 1998 - 17:30,Group G,home,Romania,3,1,0
1998,15 Jun 1998 - 21:00,Group F,home,Germany,3,2,0
1998,16 Jun 1998 - 17:30,Group A,home,Scotland,1,1,1
1998,16 Jun 1998 - 21:00,Group A,home,Brazil,3,3,0
1998,17 Jun 1998 - 17:30,Group B,home,Chile,1,1,1
1998,17 Jun 1998 - 21:00,Group B,home,Italy,3,3,0
1998,18 Jun 1998 - 17:30,Group C,home,South Africa,1,1,1
1998,18 Jun 1998 - 21:00,Group C,home,France,3,4,0
1998,19 Jun 1998 - 17:30,Group D,home,Nigeria,3,1,0
1998,19 Jun 1998 - 21:00,Group D,home,Spain,1,0,0
1998,20 Jun 1998 - 14:30,Group H,home,Japan,0,0,1
1998,20 Jun 1998 - 17:30,Group E,home,Belgium,1,2,2
1998,20 Jun 1998 - 21:00,Group E,home,Netherlands,3,5,0
1998,21 Jun 1998 - 14:30,Group F,home,Germany,1,2,2
1998,21 Jun 1998 - 17:30,Group H,home,Argentina,3,5,0
1998,21 Jun 1998 - 21:00,Group F,home,USA,0,1,2
1998,22 Jun 1998 - 17:30,Group G,home,Colombia,3,1,0
1998,22 Jun 1998 - 21:00,Group G,home,Romania,3,2,1
1998,23 Jun 1998 - 16:00,Group B,home,Italy,3,2,1
1998,23 Jun 1998 - 16:00,Group B,home,Chile,1,1,1
1998,23 Jun 1998 - 21:00,Group A,home,Scotland,0,0,3
1998,23 Jun 1998 - 21:00,Group A,home,Brazil,0,1,2
1998,24 Jun 1998 - 16:00,Group C,home,France,3,2,1
1998,24 Jun 1998 - 16:00,Group C,home,South Africa,1,2,2
1998,24 Jun 1998 - 21:00,Group D,home,Spain,3,6,1
1998,24 Jun 1998 - 21:00,Group D,home,Nigeria,0,1,3
1998,25 Jun 1998 - 16:00,Group E,home,Belgium,1,1,1
1998,25 Jun 1998 - 16:00,Group E,home,Netherlands,1,2,2
1998,25 Jun 1998 - 21:00,Group F,home,Germany,3,2,0
1998,25 Jun 1998 - 21:00,Group F,home,USA,0,0,1
1998,26 Jun 1998 - 16:00,Group H,home,Japan,0,1,2
1998,26 Jun 1998 - 16:00,Group H,home,Argentina,3,1,0
1998,26 Jun 1998 - 21:00,Group G,home,Romania,1,1,1
1998,26 Jun 1998 - 21:00,Group G,home,Colombia,0,0,2
2002,31 May 2002 - 20:30,Group A,home,France,0,0,1
2002,01 Jun 2002 - 18:00,Group A,home,Uruguay,0,1,2
2002,01 Jun 2002 - 15:30,Group E,home,"rn"">Republic of Ireland",1,1,1
2002,01 Jun 2002 - 20:30,Group E,home,Germany,3,8,0
2002,02 Jun 2002 - 14:30,Group F,home,Argentina,3,1,0
2002,02 Jun 2002 - 16:30,Group B,home,Paraguay,1,2,2
2002,02 Jun 2002 - 18:30,Group F,home,England,1,1,1
2002,02 Jun 2002 - 20:30,Group B,home,Spain,3,3,1
2002,03 June 2002 - 18:00,Group C,home,Brazil,3,2,1
2002,03 Jun 2002 - 20:30,Group G,home,Italy,3,2,0
2002,03 Jun 2002 - 15:30,Group G,home,Croatia,0,0,1
2002,04 June 2002 - 15:30,Group C,home,China PR,0,0,2
2002,04 June 2002 - 18:00,Group H,home,Japan,1,2,2
2002,04 Jun 2002 - 20:30,Group D,home,Korea Republic,3,2,0
2002,05 Jun 2002 - 15:30,Group H,home,Russia,3,2,0
2002,05 Jun 2002 - 18:00,Group D,home,USA,3,3,2
2002,05 Jun 2002 - 20:30,Group E,home,Germany,1,1,1
2002,06 Jun 2002 - 15:30,Group A,home,Denmark,1,1,1
2002,06 Jun 2002 - 18:00,Group E,home,Cameroon,3,1,0
2002,06 Jun 2002 - 20:30,Group A,home,France,1,0,0
2002,07 Jun 2002 - 15:30,Group F,home,Sweden,3,2,1
2002,07 Jun 2002 - 20:30,Group F,home,Argentina,0,0,1
2002,07 June 2002 - 18:00,Group B,home,Spain,3,3,1
2002,08 Jun 2002 - 15:30,Group B,home,South Africa,3,1,0
2002,08 Jun 2002 - 20:30,Group C,home,Brazil,3,4,0
2002,08 June 2002 - 18:00,Group G,home,Italy,0,1,2
2002,09 Jun 2002 - 18:00,Group C,home,Costa Rica,1,1,1
2002,09 Jun 2002 - 20:30,Group H,home,Japan,3,1,0
2002,09 Jun 2002 - 15:30,Group G,home,Mexico,3,2,1
2002,10 Jun 2002 - 15:30,Group D,home,Korea Republic,1,1,1
2002,10 Jun 2002 - 20:30,Group D,home,Portugal,3,4,0
2002,10 Jun 2002 - 18:00,Group H,home,Tunisia,1,1,1
2002,11 Jun 2002 - 15:30,Group A,home,Denmark,3,2,0
2002,11 June 2002 - 15:30,Group A,home,Senegal,1,3,3
2002,11 Jun 2002 - 20:30,Group E,home,Saudi Arabia,0,0,3
2002,11 Jun 2002 - 20:30,Group E,home,Cameroon,0,0,2
2002,12 Jun 2002 - 15:30,Group F,home,Sweden,1,1,1
2002,12 Jun 2002 - 15:30,Group F,home,Nigeria,1,0,0
2002,12 Jun 2002 - 20:30,Group B,home,Slovenia,0,1,3
2002,12 Jun 2002 - 20:30,Group B,home,South Africa,0,2,3
2002,13 Jun 2002 - 15:30,Group C,home,Costa Rica,0,2,5
2002,13 Jun 2002 - 15:30,Group C,home,Turkey,3,3,0
2002,13 Jun 2002 - 20:30,Group G,home,Ecuador,3,1,0
2002,13 Jun 2002 - 20:30,Group G,home,Mexico,1,1,1
2002,14 Jun 2002 - 15:30,Group H,home,Tunisia,0,0,2
2002,14 Jun 2002 - 20:30,Group D,home,Portugal,0,0,1
2002,14 Jun 2002 - 20:30,Group D,home,Poland,3,3,1
2002,14 Jun 2002 - 15:30,Group H,home,Belgium,3,3,2
2006,09 Jun 2006 - 18:00,Group A,home,Germany,3,4,2
2006,09 Jun 2006 - 21:00,Group A,home,Poland,0,0,2
2006,10 Jun 2006 - 15:00,Group B,home,England,3,1,0
2006,10 Jun 2006 - 18:00,Group B,home,"rn"">Trinidad and Tobago",1,0,0
2006,10 Jun 2006 - 21:00,Group C,home,Argentina,3,2,1
2006,11 Jun 2006 - 15:00,Group C,home,"rn"">Serbia and Montenegro",0,0,1
2006,11 Jun 2006 - 18:00,Group D,home,Mexico,3,3,1
2006,11 Jun 2006 - 21:00,Group D,home,Angola,0,0,1
2006,12 Jun 2006 - 15:00,Group F,home,Australia,3,3,1
2006,12 Jun 2006 - 18:00,Group E,home,USA,0,0,3
2006,12 Jun 2006 - 21:00,Group E,home,Italy,3,2,0
2006,13 Jun 2006 - 15:00,Group G,home,Korea Republic,3,2,1
2006,13 Jun 2006 - 18:00,Group G,home,France,1,0,0
2006,13 Jun 2006 - 21:00,Group F,home,Brazil,3,1,0
2006,14 Jun 2006 - 15:00,Group H,home,Spain,3,4,0
2006,14 Jun 2006 - 18:00,Group H,home,Tunisia,1,2,2
2006,14 Jun 2006 - 21:00,Group A,home,Germany,3,1,0
2006,15 Jun 2006 - 15:00,Group A,home,Ecuador,3,3,0
2006,15 Jun 2006 - 18:00,Group B,home,England,3,2,0
2006,15 Jun 2006 - 21:00,Group B,home,Sweden,3,1,0
2006,16 Jun 2006 - 15:00,Group C,home,Argentina,3,6,0
2006,16 Jun 2006 - 18:00,Group C,home,Netherlands,3,2,1
2006,16 Jun 2006 - 21:00,Group D,home,Mexico,1,0,0
2006,17 Jun 2006 - 15:00,Group D,home,Portugal,3,2,0
2006,17 Jun 2006 - 18:00,Group E,home,Czech Republic,0,0,2
2006,17 Jun 2006 - 21:00,Group E,home,Italy,1,1,1
2006,18 Jun 2006 - 15:00,Group F,home,Japan,1,0,0
2006,18 Jun 2006 - 18:00,Group F,home,Brazil,3,2,0
2006,18 Jun 2006 - 21:00,Group G,home,France,1,1,1
2006,19 Jun 2006 - 15:00,Group G,home,Togo,0,0,2
2006,19 Jun 2006 - 18:00,Group H,home,Saudi Arabia,0,0,4
2006,19 Jun 2006 - 21:00,Group H,home,Spain,3,3,1
2006,20 Jun 2006 - 16:00,Group A,home,Ecuador,0,0,3
2006,20 Jun 2006 - 16:00,Group A,home,Costa Rica,0,1,2
2006,20 Jun 2006 - 21:00,Group B,home,Sweden,1,2,2
2006,20 Jun 2006 - 21:00,Group B,home,Paraguay,3,2,0
2006,21 Jun 2006 - 16:00,Group D,home,Iran,1,1,1
2006,21 Jun 2006 - 16:00,Group D,home,Portugal,3,2,1
2006,21 Jun 2006 - 21:00,Group C,home,Netherlands,1,0,0
2006,21 Jun 2006 - 21:00,Group C,home,C�te d'Ivoire,3,3,2
2006,22 Jun 2006 - 16:00,Group E,home,Czech Republic,0,0,2
2006,22 Jun 2006 - 16:00,Group E,home,Ghana,3,2,1
2006,22 Jun 2006 - 21:00,Group F,home,Japan,0,1,4
2006,22 Jun 2006 - 21:00,Group F,home,Croatia,1,2,2
2006,23 Jun 2006 - 16:00,Group H,home,Ukraine,3,1,0
2006,23 Jun 2006 - 16:00,Group H,home,Saudi Arabia,0,0,1
2006,23 Jun 2006 - 21:00,Group G,home,Togo,0,0,2
2006,23 Jun 2006 - 21:00,Group G,home,Switzerland,3,2,0
2010,11 Jun 2010 - 16:00,Group A,home,South Africa,1,1,1
2010,11 Jun 2010 - 20:30,Group A,home,Uruguay,1,0,0
2010,12 Jun 2010 - 13:30,Group B,home,Korea Republic,3,2,0
2010,12 Jun 2010 - 16:00,Group B,home,Argentina,3,1,0
2010,12 Jun 2010 - 20:30,Group C,home,England,1,1,1
2010,13 Jun 2010 - 13:30,Group C,home,Algeria,0,0,1
2010,13 Jun 2010 - 16:00,Group D,home,Serbia,0,0,1
2010,13 Jun 2010 - 20:30,Group D,home,Germany,3,4,0
2010,14 Jun 2010 - 13:30,Group E,home,Netherlands,3,2,0
2010,14 Jun 2010 - 16:00,Group E,home,Japan,3,1,0
2010,14 Jun 2010 - 20:30,Group F,home,Italy,1,1,1
2010,15 Jun 2010 - 13:30,Group F,home,New Zealand,1,1,1
2010,15 Jun 2010 - 16:00,Group G,home,C�te d'Ivoire,1,0,0
2010,15 Jun 2010 - 20:30,Group G,home,Brazil,3,2,1
2010,16 Jun 2010 - 13:30,Group H,home,Honduras,0,0,1
2010,16 Jun 2010 - 16:00,Group H,home,Spain,0,0,1
2010,16 Jun 2010 - 20:30,Group A,home,South Africa,0,0,3
2010,17 Jun 2010 - 13:30,Group B,home,Argentina,3,4,1
2010,17 Jun 2010 - 16:00,Group B,home,Greece,3,2,1
2010,17 Jun 2010 - 20:30,Group A,home,France,0,0,2
2010,18 Jun 2010 - 13:30,Group D,home,Germany,0,0,1
2010,18 Jun 2010 - 16:00,Group C,home,Slovenia,1,2,2
2010,18 Jun 2010 - 20:30,Group C,home,England,1,0,0
2010,19 Jun 2010 - 13:30,Group E,home,Netherlands,3,1,0
2010,19 Jun 2010 - 16:00,Group D,home,Ghana,1,1,1
2010,19 Jun 2010 - 20:30,Group E,home,Cameroon,0,1,2
2010,20 Jun 2010 - 13:30,Group F,home,Slovakia,0,0,2
2010,20 Jun 2010 - 16:00,Group F,home,Italy,1,1,1
2010,20 Jun 2010 - 20:30,Group G,home,Brazil,3,3,1
2010,21 Jun 2010 - 13:30,Group G,home,Portugal,3,7,0
2010,21 Jun 2010 - 16:00,Group H,home,Chile,3,1,0
2010,21 Jun 2010 - 20:30,Group H,home,Spain,3,2,0
2010,22 Jun 2010 - 16:00,Group A,home,Mexico,0,0,1
2010,22 Jun 2010 - 16:00,Group A,home,France,0,1,2
2010,22 Jun 2010 - 20:30,Group B,home,Nigeria,1,2,2
2010,22 Jun 2010 - 20:30,Group B,home,Greece,0,0,2
2010,23 Jun 2010 - 16:00,Group C,home,Slovenia,0,0,1
2010,23 Jun 2010 - 16:00,Group C,home,USA,3,1,0
2010,23 Jun 2010 - 20:30,Group D,home,Ghana,0,0,1
2010,23 Jun 2010 - 20:30,Group D,home,Australia,3,2,1
2010,24 Jun 2010 - 16:00,Group F,home,Slovakia,3,3,2
2010,24 Jun 2010 - 16:00,Group F,home,Paraguay,1,0,0
2010,24 Jun 2010 - 20:30,Group E,home,Denmark,0,1,3
2010,24 Jun 2010 - 20:30,Group E,home,Cameroon,0,1,2
2010,25 Jun 2010 - 16:00,Group G,home,Portugal,1,0,0
2010,25 Jun 2010 - 16:00,Group G,home,Korea DPR,0,0,3
2010,25 Jun 2010 - 20:30,Group H,home,Chile,0,1,2
2010,25 Jun 2010 - 20:30,Group H,home,Switzerland,1,0,0
2014,12 Jun 2014 - 17:00,Group A,home,Brazil,3,3,1
2014,13 Jun 2014 - 13:00,Group A,home,Mexico,3,1,0
2014,13 Jun 2014 - 16:00,Group B,home,Spain,0,1,5
2014,13 Jun 2014 - 18:00,Group B,home,Chile,3,3,1
2014,14 Jun 2014 - 13:00,Group C,home,Colombia,3,3,0
2014,14 Jun 2014 - 16:00,Group D,home,Uruguay,0,1,3
2014,14 Jun 2014 - 18:00,Group D,home,England,0,1,2
2014,14 Jun 2014 - 22:00,Group C,home,C�te d'Ivoire,3,2,1
2014,15 Jun 2014 - 13:00,Group E,home,Switzerland,3,2,1
2014,15 Jun 2014 - 16:00,Group E,home,France,3,3,0
2014,15 Jun 2014 - 19:00,Group F,home,Argentina,3,2,1
2014,16 Jun 2014 - 13:00,Group G,home,Germany,3,4,0
2014,16 Jun 2014 - 16:00,Group F,home,IR Iran,1,0,0
2014,16 Jun 2014 - 19:00,Group G,home,Ghana,0,1,2
2014,17 Jun 2014 - 13:00,Group H,home,Belgium,3,2,1
2014,17 Jun 2014 - 16:00,Group A,home,Brazil,1,0,0
2014,17 Jun 2014 - 18:00,Group H,home,Russia,1,1,1
2014,18 Jun 2014 - 13:00,Group B,home,Australia,0,2,3
2014,18 Jun 2014 - 16:00,Group B,home,Spain,0,0,2
2014,18 Jun 2014 - 18:00,Group A,home,Cameroon,0,0,4
2014,19 Jun 2014 - 13:00,Group C,home,Colombia,3,2,1
2014,19 Jun 2014 - 16:00,Group D,home,Uruguay,3,2,1
2014,19 Jun 2014 - 19:00,Group C,home,Japan,1,0,0
2014,20 Jun 2014 - 13:00,Group D,home,Italy,0,0,1
2014,20 Jun 2014 - 16:00,Group E,home,Switzerland,0,2,5
2014,20 Jun 2014 - 19:00,Group E,home,Honduras,0,1,2
2014,21 Jun 2014 - 13:00,Group F,home,Argentina,3,1,0
2014,21 Jun 2014 - 16:00,Group G,home,Germany,1,2,2
2014,21 Jun 2014 - 18:00,Group F,home,Nigeria,3,1,0
2014,22 Jun 2014 - 13:00,Group H,home,Belgium,3,1,0
2014,22 Jun 2014 - 16:00,Group H,home,Korea Republic,0,2,4
2014,22 Jun 2014 - 18:00,Group G,home,USA,1,2,2
2014,23 Jun 2014 - 13:00,Group B,home,Australia,0,0,3
2014,23 Jun 2014 - 13:00,Group B,home,Netherlands,3,2,0
2014,23 Jun 2014 - 17:00,Group A,home,Cameroon,0,1,4
2014,23 Jun 2014 - 17:00,Group A,home,Croatia,0,1,3
2014,24 Jun 2014 - 13:00,Group D,home,Italy,0,0,1
2014,24 Jun 2014 - 13:00,Group D,home,Costa Rica,1,0,0
2014,24 Jun 2014 - 16:00,Group C,home,Japan,0,1,4
2014,24 Jun 2014 - 17:00,Group C,home,Greece,3,2,1
2014,25 Jun 2014 - 13:00,Group F,home,Nigeria,0,2,3
2014,25 Jun 2014 - 13:00,Group F,home,"rn"">Bosnia and Herzegovina",3,3,1
2014,25 Jun 2014 - 16:00,Group E,home,Honduras,0,0,3
2014,25 Jun 2014 - 17:00,Group E,home,Ecuador,1,0,0
2014,26 Jun 2014 - 13:00,Group G,home,USA,0,0,1
2014,26 Jun 2014 - 13:00,Group G,home,Portugal,3,2,1
2014,26 Jun 2014 - 17:00,Group H,home,Korea Republic,0,0,1
2014,26 Jun 2014 - 17:00,Group H,home,Algeria,1,1,1
1930,13 Jul 1930 - 15:00,Group 1,away,Mexico,0,1,4
1930,13 Jul 1930 - 15:00,Group 4,away,Belgium,0,0,3
1930,14 Jul 1930 - 12:45,Group 2,away,Brazil,0,1,2
1930,14 Jul 1930 - 14:50,Group 3,away,Peru,0,1,3
1930,15 Jul 1930 - 16:00,Group 1,away,France,0,0,1
1930,16 Jul 1930 - 14:45,Group 1,away,Mexico,0,0,3
1930,17 Jul 1930 - 12:45,Group 2,away,Bolivia,0,0,4
1930,17 Jul 1930 - 14:45,Group 4,away,Paraguay,0,0,3
1930,18 Jul 1930 - 14:30,Group 3,away,Peru,0,0,1
1930,19 Jul 1930 - 12:50,Group 1,away,France,0,0,1
1930,19 Jul 1930 - 15:00,Group 1,away,Mexico,0,3,6
1930,20 Jul 1930 - 13:00,Group 2,away,Bolivia,0,0,4
1930,20 Jul 1930 - 15:00,Group 4,away,Belgium,0,0,1
1930,21 Jul 1930 - 14:50,Group 3,away,Romania,0,0,4
1930,22 Jul 1930 - 14:45,Group 1,away,Chile,0,1,3
1950,24 Jun 1950 - 15:00,Group 1,away,Mexico,0,0,4
1950,25 Jun 1950 - 15:00,Group 2,away,Chile,0,0,2
1950,25 Jun 1950 - 15:00,Group 2,away,USA,0,1,3
1950,25 Jun 1950 - 15:00,Group 3,away,Italy,0,2,3
1950,25 Jun 1950 - 15:00,Group 1,away,Switzerland,0,0,3
1950,28 Jun 1950 - 15:00,Group 1,away,Switzerland,1,2,2
1950,28 Jun 1950 - 15:00,Group 1,away,Mexico,0,1,4
1950,29 Jun 1950 - 15:00,Group 2,away,Chile,0,0,2
1950,29 Jun 1950 - 15:30,Group 3,away,Paraguay,1,2,2
1950,29 Jun 1950 - 15:00,Group 2,away,England,0,0,1
1950,01 Jul 1950 - 15:00,Group 1,away,Yugoslavia,0,0,2
1950,02 Jul 1950 - 15:00,Group 2,away,England,0,0,1
1950,02 Jul 1950 - 15:00,Group 3,away,Paraguay,0,0,2
1950,02 Jul 1950 - 15:00,Group 4,away,Bolivia,0,0,8
1950,02 Jul 1950 - 15:40,Group 1,away,Mexico,0,1,2
1950,02 Jul 1950 - 15:00,Group 2,away,USA,0,2,5
1950,09 Jul 1950 - 15:00,Group 6,away,Spain,1,2,2
1950,09 Jul 1950 - 15:00,Group 6,away,Sweden,0,1,7
1950,13 Jul 1950 - 15:00,Group 6,away,Spain,0,1,6
1950,13 Jul 1950 - 15:00,Group 6,away,Sweden,0,2,3
1950,16 Jul 1950 - 15:00,Group 6,away,Spain,0,1,3
1950,16 Jul 1950 - 15:00,Group 6,away,Brazil,0,1,2
1954,16 Jun 1954 - 18:00,Group 3,away,Czechoslovakia,0,0,2
1954,16 Jun 1954 - 18:00,Group 3,away,Scotland,0,0,1
1954,16 Jun 1954 - 18:00,Group 1,away,Mexico,0,0,5
1954,16 Jun 1954 - 18:00,Group 1,away,France,0,0,1
1954,17 Jun 1954 - 18:00,Group 2,away,Turkey,0,1,4
1954,17 Jun 1954 - 18:00,Group 2,away,Korea Republic,0,0,9
1954,17 Jun 1954 - 18:10,Group 4,away,Belgium,1,4,4
1954,17 Jun 1954 - 17:50,Group 4,away,Italy,0,1,2
1954,19 Jun 1954 - 16:50,Group 3,away,Scotland,0,0,7
1954,19 Jun 1954 - 17:00,Group 3,away,Czechoslovakia,0,0,5
1954,19 Jun 1954 - 17:10,Group 1,away,Mexico,0,2,3
1954,19 Jun 1954 - 17:00,Group 1,away,Yugoslavia,1,1,1
1954,20 Jun 1954 - 16:50,Group 2,away,Germany FR,0,3,8
1954,20 Jun 1954 - 17:00,Group 2,away,Korea Republic,0,0,7
1954,20 Jun 1954 - 17:10,Group 4,away,Switzerland,0,0,2
1954,20 Jun 1954 - 17:00,Group 4,away,Belgium,0,1,4
1954,23 Jun 1954 - 18:00,Group 2,away,Turkey,0,2,7
1954,23 Jun 1954 - 18:00,Group 4,away,Italy,0,1,4
1958,08 Jun 1958 - 14:00,Group 3,away,Mexico,0,0,3
1958,08 Jun 1958 - 19:00,Group 4,away,England,1,2,2
1958,08 Jun 1958 - 19:00,Group 1,away,Germany FR,3,3,1
1958,08 Jun 1958 - 19:00,Group 3,away,Wales,1,1,1
1958,08 Jun 1958 - 19:00,Group 2,away,Paraguay,0,3,7
1958,08 Jun 1958 - 19:00,Group 2,away,Scotland,1,1,1
1958,08 Jun 1958 - 19:00,Group 4,away,Austria,0,0,3
1958,08 Jun 1958 - 19:00,Group 1,away,Czechoslovakia,0,0,1
1958,11 Jun 1958 - 19:00,Group 4,away,England,1,0,0
1958,11 Jun 1958 - 19:00,Group 3,away,Wales,1,1,1
1958,11 Jun 1958 - 19:00,Group 2,away,Scotland,0,2,3
1958,11 Jun 1958 - 19:00,Group 2,away,France,0,2,3
1958,11 Jun 1958 - 19:00,Group 4,away,Austria,0,0,2
1958,11 Jun 1958 - 19:00,Group 1,away,Czechoslovakia,1,2,2
1958,11 Jun 1958 - 19:00,Group 1,away,Northern Ireland,0,1,3
1958,12 Jun 1958 - 19:00,Group 3,away,Hungary,0,1,2
1958,15 Jun 1958 - 14:00,Group 3,away,Wales,1,0,0
1958,15 Jun 1958 - 19:00,Group 4,away,Soviet Union,0,0,2
1958,15 Jun 1958 - 19:00,Group 1,away,Northern Ireland,1,2,2
1958,15 Jun 1958 - 19:00,Group 3,away,Mexico,0,0,4
1958,15 Jun 1958 - 19:00,Group 2,away,Yugoslavia,1,3,3
1958,15 Jun 1958 - 19:00,Group 2,away,Scotland,0,1,2
1958,15 Jun 1958 - 19:00,Group 4,away,Austria,1,2,2
1958,15 Jun 1958 - 19:00,Group 1,away,Argentina,0,1,6
1958,17 Jun 1958 - 19:00,Group 4,away,England,0,0,1
1958,17 Jun 1958 - 19:00,Group 1,away,Czechoslovakia,0,1,2
1958,17 Jun 1958 - 19:00,Group 3,away,Hungary,0,1,2
1962,30 May 1962 - 15:00,Group 1,away,Colombia,0,1,2
1962,30 May 1962 - 15:00,Group 3,away,Mexico,0,0,2
1962,30 May 1962 - 15:00,Group 4,away,Bulgaria,0,0,1
1962,30 May 1962 - 15:00,Group 2,away,Switzerland,0,1,3
1962,31 May 1962 - 15:00,Group 1,away,Yugoslavia,0,0,2
1962,31 May 1962 - 15:00,Group 3,away,Spain,0,0,1
1962,31 May 1962 - 15:00,Group 4,away,England,0,1,2
1962,31 May 1962 - 15:00,Group 2,away,Italy,1,0,0
1962,02 Jun 1962 - 15:00,Group 1,away,Uruguay,0,1,3
1962,02 Jun 1962 - 15:00,Group 3,away,Czechoslovakia,1,0,0
1962,02 Jun 1962 - 15:00,Group 4,away,Argentina,0,1,3
1962,02 Jun 1962 - 15:00,Group 2,away,Italy,0,0,2
1962,03 Jun 1962 - 15:00,Group 1,away,Colombia,1,4,4
1962,03 Jun 1962 - 15:00,Group 3,away,Mexico,0,0,1
1962,03 Jun 1962 - 15:00,Group 4,away,Bulgaria,0,1,6
1962,03 Jun 1962 - 15:00,Group 2,away,Switzerland,0,1,2
1962,06 Jun 1962 - 15:00,Group 1,away,Uruguay,0,1,2
1962,06 Jun 1962 - 15:00,Group 3,away,Spain,0,1,2
1962,06 Jun 1962 - 15:00,Group 4,away,Argentina,1,0,0
1962,06 Jun 1962 - 15:00,Group 2,away,Chile,0,0,2
1962,07 Jun 1962 - 15:00,Group 1,away,Colombia,0,0,5
1962,07 Jun 1962 - 15:00,Group 3,away,Czechoslovakia,0,1,3
1962,07 Jun 1962 - 15:00,Group 4,away,Bulgaria,1,0,0
1962,07 Jun 1962 - 15:00,Group 2,away,Switzerland,0,0,3
1966,11 Jul 1966 - 19:30,Group 1,away,Uruguay,1,0,0
1966,12 Jul 1966 - 19:30,Group 2,away,Switzerland,0,0,5
1966,12 Jul 1966 - 19:30,Group 3,away,Bulgaria,0,0,2
1966,12 Jul 1966 - 19:30,Group 4,away,Korea DPR,0,0,3
1966,13 Jul 1966 - 19:30,Group 1,away,Mexico,1,1,1
1966,13 Jul 1966 - 19:30,Group 3,away,Hungary,0,1,3
1966,13 Jul 1966 - 19:30,Group 2,away,Spain,0,1,2
1966,13 Jul 1966 - 19:30,Group 4,away,Chile,0,0,2
1966,15 Jul 1966 - 19:30,Group 1,away,France,0,1,2
1966,15 Jul 1966 - 19:30,Group 2,away,Switzerland,0,1,2
1966,15 Jul 1966 - 19:30,Group 3,away,Brazil,0,1,3
1966,15 Jul 1966 - 19:30,Group 4,away,Chile,1,1,1
1966,16 Jul 1966 - 15:00,Group 3,away,Bulgaria,0,0,3
1966,16 Jul 1966 - 15:00,Group 2,away,Argentina,1,0,0
1966,16 Jul 1966 - 15:00,Group 4,away,Italy,0,0,1
1966,16 Jul 1966 - 19:30,Group 1,away,Mexico,0,0,2
1966,19 Jul 1966 - 16:30,Group 1,away,Mexico,1,0,0
1966,19 Jul 1966 - 19:30,Group 2,away,Switzerland,0,0,2
1966,19 Jul 1966 - 19:30,Group 3,away,Brazil,0,1,3
1966,19 Jul 1966 - 19:30,Group 4,away,Italy,0,0,1
1966,20 Jul 1966 - 19:30,Group 1,away,France,0,0,2
1966,20 Jul 1966 - 19:30,Group 3,away,Bulgaria,0,1,3
1966,20 Jul 1966 - 19:30,Group 2,away,Spain,0,1,2
1966,20 Jul 1966 - 19:30,Group 4,away,Chile,0,1,2
1970,31 May 1970 - 12:00,Group 1,away,Soviet Union,1,0,0
1970,02 Jun 1970 - 16:00,Group 2,away,Israel,0,0,2
1970,02 Jun 1970 - 16:00,Group 4,away,Bulgaria,0,2,3
1970,02 Jun 1970 - 16:00,Group 3,away,Romania,0,0,1
1970,03 Jun 1970 - 16:00,Group 2,away,Sweden,0,0,1
1970,03 Jun 1970 - 16:00,Group 4,away,Morocco,0,1,2
1970,03 Jun 1970 - 16:00,Group 3,away,Czechoslovakia,0,1,4
1970,03 Jun 1970 - 16:00,Group 1,away,El Salvador,0,0,3
1970,06 Jun 1970 - 16:00,Group 2,away,Italy,1,0,0
1970,06 Jun 1970 - 16:00,Group 4,away,Morocco,0,0,3
1970,06 Jun 1970 - 16:00,Group 3,away,Czechoslovakia,0,1,2
1970,06 Jun 1970 - 16:00,Group 1,away,Belgium,0,1,4
1970,07 Jun 1970 - 12:00,Group 2,away,Israel,1,1,1
1970,07 Jun 1970 - 12:00,Group 4,away,Bulgaria,0,2,5
1970,07 Jun 1970 - 12:00,Group 3,away,England,0,0,1
1970,07 Jun 1970 - 12:00,Group 1,away,El Salvador,0,0,4
1970,10 Jun 1970 - 16:00,Group 2,away,Uruguay,0,0,1
1970,10 Jun 1970 - 16:00,Group 4,away,Peru,0,1,3
1970,10 Jun 1970 - 16:00,Group 3,away,Romania,0,2,3
1970,10 Jun 1970 - 16:00,Group 1,away,El Salvador,0,0,2
1970,11 Jun 1970 - 16:00,Group 2,away,Israel,1,0,0
1970,11 Jun 1970 - 16:00,Group 4,away,Morocco,1,1,1
1970,11 Jun 1970 - 16:00,Group 3,away,Czechoslovakia,0,0,1
1970,11 Jun 1970 - 16:00,Group 1,away,Belgium,0,0,1
1974,13 Jun 1974 - 17:00,Group 2,away,Yugoslavia,1,0,0
1974,14 Jun 1974 - 16:00,Group 1,away,Chile,0,0,1
1974,14 Jun 1974 - 19:30,Group 1,away,Australia,0,0,2
1974,14 Jun 1974 - 19:30,Group 2,away,Scotland,3,2,0
1974,15 Jun 1974 - 16:00,Group 3,away,Netherlands,3,2,0
1974,15 Jun 1974 - 16:00,Group 3,away,Bulgaria,1,0,0
1974,15 Jun 1974 - 18:00,Group 4,away,Haiti,0,1,3
1974,15 Jun 1974 - 18:00,Group 4,away,Argentina,0,2,3
1974,18 Jun 1974 - 16:00,Group 1,away,Germany FR,3,3,0
1974,18 Jun 1974 - 19:30,Group 2,away,Brazil,1,0,0
1974,18 Jun 1974 - 19:30,Group 1,away,German DR,1,1,1
1974,18 Jun 1974 - 19:30,Group 2,away,Zaire,0,0,9
1974,19 Jun 1974 - 19:30,Group 3,away,Sweden,1,0,0
1974,19 Jun 1974 - 19:30,Group 3,away,Uruguay,1,1,1
1974,19 Jun 1974 - 19:30,Group 4,away,Poland,3,7,0
1974,19 Jun 1974 - 19:30,Group 4,away,Italy,1,1,1
1974,22 Jun 1974 - 16:00,Group 2,away,Yugoslavia,1,1,1
1974,22 Jun 1974 - 16:00,Group 1,away,Chile,1,0,0
1974,22 Jun 1974 - 16:00,Group 2,away,Brazil,3,3,0
1974,22 June 1974 - 19:30,Group 1,away,Germany FR,0,0,1
1974,23 Jun 1974 - 16:00,Group 3,away,Netherlands,3,4,1
1974,23 Jun 1974 - 16:00,Group 4,away,Haiti,0,1,4
1974,23 Jun 1974 - 16:00,Group 3,away,Uruguay,0,0,3
1974,23 Jun 1974 - 16:00,Group 4,away,Italy,0,1,2
1974,26 Jun 1974 - 16:00,Group B,away,Germany FR,3,2,0
1974,26 Jun 1974 - 19:30,Group A,away,German DR,0,0,1
1974,26 Jun 1974 - 19:30,Group A,away,Argentina,0,0,4
1974,26 Jun 1974 - 19:30,Group B,away,Poland,3,1,0
1974,30 Jun 1974 - 16:00,Group A,away,Brazil,3,2,1
1974,30 Jun 1974 - 16:00,Group B,away,Yugoslavia,0,1,2
1974,30 Jun 1974 - 16:00,Group A,away,Netherlands,3,2,0
1974,30 Jun 1974 - 19:30,Group B,away,Sweden,0,2,4
1974,03 Jul 1974 - 17:00,Group B,away,Germany FR,3,1,0
1974,03 Jul 1974 - 19:30,Group A,away,Brazil,0,0,2
1974,03 Jul 1974 - 19:30,Group A,away,German DR,1,1,1
1974,03 Jul 1974 - 19:30,Group B,away,Yugoslavia,0,1,2
1978,01 Jun 1978 - 15:00,Group 2,away,Poland,1,0,0
1978,02 Jun 1978 - 13:45,Group 1,away,France,0,1,2
1978,02 Jun 1978 - 16:45,Group 2,away,Mexico,0,1,3
1978,02 Jun 1978 - 19:15,Group 1,away,Hungary,0,1,2
1978,03 Jun 1978 - 13:45,Group 3,away,Brazil,1,1,1
1978,03 Jun 1978 - 13:45,Group 3,away,Spain,0,1,2
1978,03 Jun 1978 - 16:45,Group 4,away,Scotland,0,1,3
1978,03 Jun 1978 - 16:45,Group 4,away,IR Iran,0,0,3
1978,06 Jun 1978 - 13:45,Group 1,away,Hungary,0,1,3
1978,06 Jun 1978 - 16:45,Group 2,away,Tunisia,0,0,1
1978,06 Jun 1978 - 16:45,Group 2,away,Mexico,0,0,6
1978,06 Jun 1978 - 19:15,Group 1,away,France,0,1,2
1978,07 Jun 1978 - 13:45,Group 3,away,Spain,1,0,0
1978,07 Jun 1978 - 13:45,Group 3,away,Sweden,0,0,1
1978,07 Jun 1978 - 16:45,Group 4,away,IR Iran,1,1,1
1978,07 Jun 1978 - 16:45,Group 4,away,Peru,1,0,0
1978,10 Jun 1978 - 15:10,Group 1,away,Hungary,0,1,3
1978,10 Jun 1978 - 16:45,Group 2,away,Mexico,0,1,3
1978,10 Jun 1978 - 16:45,Group 2,away,Tunisia,1,0,0
1978,10 Jun 1978 - 19:15,Group 1,away,Argentina,0,0,1
1978,11 Jun 1978 - 13:45,Group 3,away,Austria,0,0,1
1978,11 Jun 1978 - 13:45,Group 3,away,Sweden,0,0,1
1978,11 Jun 1978 - 16:45,Group 4,away,Iran,0,1,4
1978,11 Jun 1978 - 16:45,Group 4,away,Netherlands,0,2,3
1978,14 Jun 1978 - 13:45,Group A,away,Italy,1,0,0
1978,14 Jun 1978 - 13:45,Group A,away,Austria,0,1,5
1978,14 Jun 1978 - 16:45,Group B,away,Peru,0,0,3
1978,14 Jun 1978 - 19:15,Group B,away,Poland,0,0,2
1978,18 Jun 1978 - 13:45,Group B,away,Peru,0,0,1
1978,18 Jun 1978 - 16:45,Group A,away,Austria,0,0,1
1978,18 Jun 1978 - 16:45,Group A,away,Netherlands,1,2,2
1978,18 Jun 1978 - 19:15,Group B,away,Brazil,1,0,0
1978,21 Jun 1978 - 13:45,Group A,away,Italy,0,1,2
1978,21 Jun 1978 - 13:45,Group A,away,Germany FR,0,2,3
1978,21 Jun 1978 - 16:45,Group B,away,Poland,0,1,3
1978,21 Jun 1978 - 19:15,Group B,away,Peru,0,0,6
1982,13 Jun 1982 - 20:00,Group 3,away,Belgium,3,1,0
1982,14 Jun 1982 - 17:15,Group 1,away,Poland,1,0,0
1982,14 Jun 1982 - 21:00,Group 6,away,Soviet Union,0,1,2
1982,15 Jun 1982 - 17:15,Group 1,away,Cameroon,1,0,0
1982,15 Jun 1982 - 21:00,Group 3,away,El Salvador,0,1,10
1982,15 Jun 1982 - 21:00,Group 6,away,New Zealand,0,2,5
1982,16 Jun 1982 - 17:15,Group 2,away,Algeria,3,2,1
1982,16 Jun 1982 - 17:15,Group 4,away,France,0,1,3
1982,16 Jun 1982 - 21:00,Group 5,away,Honduras,1,1,1
1982,17 Jun 1982 - 17:15,Group 2,away,Austria,3,1,0
1982,17 Jun 1982 - 17:45,Group 4,away,Kuwait,1,1,1
1982,17 Jun 1982 - 21:00,Group 5,away,Northern Ireland,1,0,0
1982,18 Jun 1982 - 17:15,Group 1,away,Peru,1,1,1
1982,18 Jun 1982 - 21:00,Group 3,away,Hungary,0,1,4
1982,18 Jun 1982 - 21:00,Group 6,away,Scotland,0,1,4
1982,19 Jun 1982 - 19:15,Group 1,away,Cameroon,1,0,0
1982,19 Jun 1982 - 21:00,Group 3,away,El Salvador,0,0,1
1982,19 Jun 1982 - 21:00,Group 6,away,New Zealand,0,0,3
1982,20 Jun 1982 - 17:15,Group 2,away,Chile,0,1,4
1982,20 Jun 1982 - 17:15,Group 4,away,Czechoslovakia,0,0,2
1982,20 Jun 1982 - 21:00,Group 5,away,Yugoslavia,0,1,2
1982,21 Jun 1982 - 17:15,Group 2,away,Austria,3,2,0
1982,21 Jun 1982 - 17:15,Group 4,away,Kuwait,0,1,4
1982,21 Jun 1982 - 21:00,Group 5,away,Northern Ireland,1,1,1
1982,22 Jun 1982 - 17:15,Group 1,away,Peru,0,1,5
1982,22 Jun 1982 - 21:00,Group 3,away,Hungary,1,1,1
1982,22 Jun 1982 - 21:00,Group 6,away,Scotland,1,2,2
1982,23 Jun 1982 - 17:15,Group 1,away,Cameroon,1,1,1
1982,23 Jun 1982 - 21:00,Group 3,away,El Salvador,0,0,2
1982,23 Jun 1982 - 21:00,Group 6,away,New Zealand,0,0,4
1982,24 Jun 1982 - 17:15,Group 2,away,Chile,0,2,3
1982,24 Jun 1982 - 17:15,Group 4,away,Czechoslovakia,1,1,1
1982,24 Jun 1982 - 21:00,Group 5,away,Yugoslavia,3,1,0
1982,25 Jun 1982 - 17:15,Group 2,away,Austria,0,0,1
1982,25 Jun 1982 - 17:15,Group 4,away,Kuwait,0,0,1
1982,25 Jun 1982 - 21:00,Group 5,away,Spain,0,0,1
1982,28 Jun 1982 - 17:15,Group 4,away,France,3,1,0
1982,28 Jun 1982 - 21:00,Group 1,away,Belgium,0,0,3
1982,29 Jun 1982 - 17:15,Group 3,away,Argentina,0,1,2
1982,29 Jun 1982 - 21:00,Group 2,away,England,1,0,0
1982,01 Jul 1982 - 17:15,Group 4,away,Northern Ireland,1,2,2
1982,01 Jul 1982 - 21:00,Group 1,away,Soviet Union,3,1,0
1982,02 Jul 1982 - 17:15,Group 3,away,Brazil,3,3,1
1982,02 Jul 1982 - 21:00,Group 2,away,Spain,0,1,2
1982,04 Jul 1982 - 17:15,Group 4,away,Northern Ireland,0,1,4
1982,04 Jul 1982 - 21:00,Group 1,away,Soviet Union,1,0,0
1982,05 Jul 1982 - 17:15,Group 3,away,Brazil,0,2,3
1982,05 Jul 1982 - 21:00,Group 2,away,England,1,0,0
1986,31 May 1986 - 12:00,Group A,away,Italy,1,1,1
1986,01 Jun 1986 - 16:00,Group C,away,France,3,1,0
1986,01 Jun 1986 - 12:00,Group D,away,Brazil,3,1,0
1986,02 Jun 1986 - 12:00,Group C,away,Hungary,0,0,6
1986,02 Jun 1986 - 12:00,Group A,away,Korea Republic,0,1,3
1986,02 Jun 1986 - 16:00,Group F,away,Poland,1,0,0
1986,03 Jun 1986 - 12:00,Group D,away,Northern Ireland,1,1,1
1986,03 Jun 1986 - 12:00,Group B,away,Mexico,3,2,1
1986,03 Jun 1986 - 16:00,Group F,away,England,0,0,1
1986,04 Jun 1986 - 12:00,Group B,away,Iraq,0,0,1
1986,04 Jun 1986 - 16:00,Group E,away,Denmark,3,1,0
1986,04 Jun 1986 - 12:00,Group E,away,Germany FR,1,1,1
1986,05 Jun 1986 - 12:00,Group A,away,Argentina,1,1,1
1986,05 Jun 1986 - 12:00,Group C,away,Soviet Union,1,1,1
1986,05 Jun 1986 - 16:00,Group A,away,Bulgaria,1,1,1
1986,06 Jun 1986 - 12:00,Group C,away,Canada,0,0,2
1986,06 Jun 1986 - 12:00,Group D,away,Algeria,0,0,1
1986,06 Jun 1986 - 16:00,Group F,away,Morocco,1,0,0
1986,07 Jun 1986 - 12:00,Group D,away,Spain,3,2,1
1986,07 Jun 1986 - 12:00,Group B,away,Paraguay,1,1,1
1986,07 Jun 1986 - 16:00,Group F,away,Portugal,0,0,1
1986,08 Jun 1986 - 12:00,Group B,away,Belgium,3,2,1
1986,08 Jun 1986 - 16:00,Group E,away,Uruguay,0,1,6
1986,08 Jun 1986 - 12:00,Group E,away,Scotland,0,1,2
1986,09 Jun 1986 - 12:00,Group C,away,France,3,3,0
1986,09 Jun 1986 - 12:00,Group C,away,Canada,0,0,2
1986,10 Jun 1986 - 12:00,Group A,away,Italy,3,3,2
1986,10 Jun 1986 - 12:00,Group A,away,Bulgaria,0,0,2
1986,11 Jun 1986 - 12:00,Group B,away,Belgium,1,2,2
1986,11 Jun 1986 - 12:00,Group B,away,Mexico,3,1,0
1986,11 Jun 1986 - 16:00,Group F,away,Morocco,3,3,1
1986,11 Jun 1986 - 16:00,Group F,away,Poland,0,0,3
1986,12 Jun 1986 - 12:00,Group D,away,Brazil,3,3,0
1986,12 Jun 1986 - 12:00,Group D,away,Spain,3,3,0
1986,13 Jun 1986 - 12:00,Group E,away,Uruguay,1,0,0
1986,13 Jun 1986 - 12:00,Group E,away,Germany FR,0,0,2
1990,08 Jun 1990 - 18:00,Group B,away,Cameroon,3,1,0
1990,09 Jun 1990 - 17:00,Group B,away,Romania,3,2,0
1990,09 Jun 1990 - 17:00,Group D,away,Colombia,3,2,0
1990,09 Jun 1990 - 21:00,Group A,away,Austria,0,0,1
1990,10 Jun 1990 - 17:00,Group A,away,Czechoslovakia,3,5,1
1990,10 Jun 1990 - 21:00,Group C,away,Sweden,0,1,2
1990,10 Jun 1990 - 21:00,Group D,away,Yugoslavia,0,1,4
1990,11 Jun 1990 - 17:00,Group C,away,Scotland,0,0,1
1990,11 Jun 1990 - 21:00,Group F,away,"rn"">Republic of Ireland",1,1,1
1990,12 Jun 1990 - 17:00,Group E,away,Korea Republic,0,0,2
1990,12 Jun 1990 - 21:00,Group F,away,Egypt,1,1,1
1990,13 Jun 1990 - 17:00,Group E,away,Spain,1,0,0
1990,13 Jun 1990 - 21:00,Group B,away,Soviet Union,0,0,2
1990,14 Jun 1990 - 17:00,Group B,away,Romania,0,1,2
1990,14 Jun 1990 - 17:00,Group D,away,Colombia,0,0,1
1990,14 Jun 1990 - 21:00,Group A,away,USA,0,0,1
1990,15 Jun 1990 - 17:00,Group A,away,Czechoslovakia,3,1,0
1990,15 Jun 1990 - 21:00,Group D,away,"rn"">United Arab Emirates",0,1,5
1990,16 Jun 1990 - 17:00,Group C,away,Costa Rica,0,0,1
1990,16 Jun 1990 - 21:00,Group C,away,Scotland,3,2,1
1990,16 Jun 1990 - 21:00,Group F,away,Netherlands,1,0,0
1990,17 Jun 1990 - 17:00,Group F,away,Egypt,1,0,0
1990,17 Jun 1990 - 21:00,Group E,away,Spain,3,3,1
1990,17 Jun 1990 - 21:00,Group E,away,Uruguay,0,1,3
1990,18 Jun 1990 - 21:00,Group B,away,Romania,1,1,1
1990,18 Jun 1990 - 21:00,Group B,away,Soviet Union,3,4,0
1990,19 Jun 1990 - 17:00,Group D,away,Colombia,1,1,1
1990,19 Jun 1990 - 17:00,Group D,away,"rn"">United Arab Emirates",0,1,4
1990,19 Jun 1990 - 21:00,Group A,away,Czechoslovakia,0,0,2
1990,19 Jun 1990 - 21:00,Group A,away,USA,0,1,2
1990,20 Jun 1990 - 21:00,Group C,away,Scotland,0,0,1
1990,20 Jun 1990 - 21:00,Group C,away,Costa Rica,3,2,1
1990,21 Jun 1990 - 17:00,Group E,away,Uruguay,3,1,0
1990,21 Jun 1990 - 17:00,Group E,away,Spain,3,2,1
1990,21 Jun 1990 - 21:00,Group F,away,Netherlands,1,1,1
1990,21 Jun 1990 - 21:00,Group F,away,Egypt,0,0,1
1994,17 Jun 1994 - 19:30,Group C,away,Korea Republic,1,2,2
1994,17 Jun 1994 - 15:00,Group C,away,Bolivia,0,0,1
1994,18 Jun 1994 - 11:30,Group A,away,Switzerland,1,1,1
1994,18 Jun 1994 - 16:00,Group E,away,"rn"">Republic of Ireland",3,1,0
1994,18 Jun 1994 - 19:30,Group A,away,Romania,3,3,1
1994,19 Jun 1994 - 12:30,Group F,away,Morocco,0,0,1
1994,19 Jun 1994 - 16:00,Group E,away,Mexico,0,0,1
1994,19 Jun 1994 - 19:30,Group B,away,Sweden,1,2,2
1994,20 Jun 1994 - 19:30,Group F,away,Saudi Arabia,0,1,2
1994,20 Jun 1994 - 16:00,Group B,away,Russia,0,0,2
1994,21 Jun 1994 - 12:30,Group D,away,Greece,0,0,4
1994,21 Jun 1994 - 19:30,Group D,away,Bulgaria,0,0,3
1994,21 Jun 1994 - 16:00,Group C,away,Spain,1,1,1
1994,22 Jun 1994 - 16:00,Group A,away,Switzerland,3,4,1
1994,22 Jun 1994 - 19:30,Group A,away,Colombia,0,1,2
1994,23 Jun 1994 - 16:00,Group E,away,Norway,0,0,1
1994,23 Jun 1994 - 19:30,Group C,away,Bolivia,1,0,0
1994,24 Jun 1994 - 12:30,Group E,away,"rn"">Republic of Ireland",0,1,2
1994,24 Jun 1994 - 19:30,Group B,away,Russia,0,1,3
1994,24 Jun 1994 - 16:00,Group B,away,Cameroon,0,0,3
1994,25 Jun 1994 - 12:30,Group F,away,Netherlands,0,0,1
1994,25 Jun 1994 - 12:30,Group F,away,Morocco,0,1,2
1994,25 Jun 1994 - 16:00,Group D,away,Nigeria,0,1,2
1994,26 Jun 1994 - 12:30,Group D,away,Greece,0,0,4
1994,26 Jun 1994 - 16:00,Group A,away,Romania,3,1,0
1994,26 Jun 1994 - 16:00,Group A,away,Colombia,3,2,0
1994,27 Jun 1994 - 16:00,Group C,away,Korea Republic,0,2,3
1994,27 Jun 1994 - 16:00,Group C,away,Spain,3,3,1
1994,28 Jun 1994 - 12:30,Group E,away,Norway,1,0,0
1994,28 Jun 1994 - 16:00,Group B,away,Sweden,1,1,1
1994,28 Jun 1994 - 12:30,Group E,away,Mexico,1,1,1
1994,28 Jun 1994 - 16:00,Group B,away,Cameroon,0,1,6
1994,29 Jun 1994 - 12:30,Group F,away,Netherlands,3,2,1
1994,29 Jun 1994 - 12:30,Group F,away,Saudi Arabia,3,1,0
1994,30 Jun 1994 - 19:30,Group D,away,Nigeria,3,2,0
1994,30 Jun 1994 - 19:30,Group D,away,Bulgaria,3,2,0
1998,10 Jun 1998 - 17:30,Group A,away,Scotland,0,1,2
1998,10 Jun 1998 - 21:00,Group A,away,Norway,1,2,2
1998,11 Jun 1998 - 17:30,Group B,away,Chile,1,2,2
1998,11 Jun 1998 - 21:00,Group B,away,Austria,1,1,1
1998,12 Jun 1998 - 14:30,Group D,away,Bulgaria,1,0,0
1998,12 Jun 1998 - 17:30,Group C,away,Denmark,3,1,0
1998,12 Jun 1998 - 21:00,Group C,away,South Africa,0,0,3
1998,13 Jun 1998 - 14:30,Group D,away,Nigeria,3,3,2
1998,13 Jun 1998 - 17:30,Group E,away,Mexico,3,3,1
1998,13 Jun 1998 - 21:00,Group E,away,Belgium,1,0,0
1998,14 Jun 1998 - 14:30,Group H,away,Japan,0,0,1
1998,14 Jun 1998 - 17:30,Group F,away,Iran,0,0,1
1998,14 Jun 1998 - 21:00,Group H,away,Croatia,3,3,1
1998,15 Jun 1998 - 14:30,Group G,away,Tunisia,0,0,2
1998,15 Jun 1998 - 17:30,Group G,away,Colombia,0,0,1
1998,15 Jun 1998 - 21:00,Group F,away,USA,0,0,2
1998,16 Jun 1998 - 17:30,Group A,away,Norway,1,1,1
1998,16 Jun 1998 - 21:00,Group A,away,Morocco,0,0,3
1998,17 Jun 1998 - 17:30,Group B,away,Austria,1,1,1
1998,17 Jun 1998 - 21:00,Group B,away,Cameroon,0,0,3
1998,18 Jun 1998 - 17:30,Group C,away,Denmark,1,1,1
1998,18 Jun 1998 - 21:00,Group C,away,Saudi Arabia,0,0,4
1998,19 Jun 1998 - 17:30,Group D,away,Bulgaria,0,0,1
1998,19 Jun 1998 - 21:00,Group D,away,Paraguay,1,0,0
1998,20 Jun 1998 - 14:30,Group H,away,Croatia,3,1,0
1998,20 Jun 1998 - 17:30,Group E,away,Mexico,1,2,2
1998,20 Jun 1998 - 21:00,Group E,away,Korea Republic,0,0,5
1998,21 Jun 1998 - 14:30,Group F,away,Yugoslavia,1,2,2
1998,21 Jun 1998 - 17:30,Group H,away,Jamaica,0,0,5
1998,21 Jun 1998 - 21:00,Group F,away,Iran,3,2,1
1998,22 Jun 1998 - 17:30,Group G,away,Tunisia,0,0,1
1998,22 Jun 1998 - 21:00,Group G,away,England,0,1,2
1998,23 Jun 1998 - 16:00,Group B,away,Austria,0,1,2
1998,23 Jun 1998 - 16:00,Group B,away,Cameroon,1,1,1
1998,23 Jun 1998 - 21:00,Group A,away,Morocco,3,3,0
1998,23 Jun 1998 - 21:00,Group A,away,Norway,3,2,1
1998,24 Jun 1998 - 16:00,Group C,away,Denmark,0,1,2
1998,24 Jun 1998 - 16:00,Group C,away,Saudi Arabia,1,2,2
1998,24 Jun 1998 - 21:00,Group D,away,Bulgaria,0,1,6
1998,24 Jun 1998 - 21:00,Group D,away,Paraguay,3,3,1
1998,25 Jun 1998 - 16:00,Group E,away,Korea Republic,1,1,1
1998,25 Jun 1998 - 16:00,Group E,away,Mexico,1,2,2
1998,25 Jun 1998 - 21:00,Group F,away,Iran,0,0,2
1998,25 Jun 1998 - 21:00,Group F,away,Yugoslavia,3,1,0
1998,26 Jun 1998 - 16:00,Group H,away,Jamaica,3,2,1
1998,26 Jun 1998 - 16:00,Group H,away,Croatia,0,0,1
1998,26 Jun 1998 - 21:00,Group G,away,Tunisia,1,1,1
1998,26 Jun 1998 - 21:00,Group G,away,England,3,2,0
2002,31 May 2002 - 20:30,Group A,away,Senegal,3,1,0
2002,01 Jun 2002 - 18:00,Group A,away,Denmark,3,2,1
2002,01 Jun 2002 - 15:30,Group E,away,Cameroon,1,1,1
2002,01 Jun 2002 - 20:30,Group E,away,Saudi Arabia,0,0,8
2002,02 Jun 2002 - 14:30,Group F,away,Nigeria,0,0,1
2002,02 Jun 2002 - 16:30,Group B,away,South Africa,1,2,2
2002,02 Jun 2002 - 18:30,Group F,away,Sweden,1,1,1
2002,02 Jun 2002 - 20:30,Group B,away,Slovenia,0,1,3
2002,03 June 2002 - 18:00,Group C,away,Turkey,0,1,2
2002,03 Jun 2002 - 20:30,Group G,away,Ecuador,0,0,2
2002,03 Jun 2002 - 15:30,Group G,away,Mexico,3,1,0
2002,04 June 2002 - 15:30,Group C,away,Costa Rica,3,2,0
2002,04 June 2002 - 18:00,Group H,away,Belgium,1,2,2
2002,04 Jun 2002 - 20:30,Group D,away,Poland,0,0,2
2002,05 Jun 2002 - 15:30,Group H,away,Tunisia,0,0,2
2002,05 Jun 2002 - 18:00,Group D,away,Portugal,0,2,3
2002,05 Jun 2002 - 20:30,Group E,away,"rn"">Republic of Ireland",1,1,1
2002,06 Jun 2002 - 15:30,Group A,away,Senegal,1,1,1
2002,06 Jun 2002 - 18:00,Group E,away,Saudi Arabia,0,0,1
2002,06 Jun 2002 - 20:30,Group A,away,Uruguay,1,0,0
2002,07 Jun 2002 - 15:30,Group F,away,Nigeria,0,1,2
2002,07 Jun 2002 - 20:30,Group F,away,England,3,1,0
2002,07 June 2002 - 18:00,Group B,away,Paraguay,0,1,3
2002,08 Jun 2002 - 15:30,Group B,away,Slovenia,0,0,1
2002,08 Jun 2002 - 20:30,Group C,away,China PR,0,0,4
2002,08 June 2002 - 18:00,Group G,away,Croatia,3,2,1
2002,09 Jun 2002 - 18:00,Group C,away,Turkey,1,1,1
2002,09 Jun 2002 - 20:30,Group H,away,Russia,0,0,1
2002,09 Jun 2002 - 15:30,Group G,away,Ecuador,0,1,2
2002,10 Jun 2002 - 15:30,Group D,away,USA,1,1,1
2002,10 Jun 2002 - 20:30,Group D,away,Poland,0,0,4
2002,10 Jun 2002 - 18:00,Group H,away,Belgium,1,1,1
2002,11 Jun 2002 - 15:30,Group A,away,France,0,0,2
2002,11 June 2002 - 15:30,Group A,away,Uruguay,1,3,3
2002,11 Jun 2002 - 20:30,Group E,away,"rn"">Republic of Ireland",3,3,0
2002,11 Jun 2002 - 20:30,Group E,away,Germany,3,2,0
2002,12 Jun 2002 - 15:30,Group F,away,Argentina,1,1,1
2002,12 Jun 2002 - 15:30,Group F,away,England,1,0,0
2002,12 Jun 2002 - 20:30,Group B,away,Paraguay,3,3,1
2002,12 Jun 2002 - 20:30,Group B,away,Spain,3,3,2
2002,13 Jun 2002 - 15:30,Group C,away,Brazil,3,5,2
2002,13 Jun 2002 - 15:30,Group C,away,China PR,0,0,3
2002,13 Jun 2002 - 20:30,Group G,away,Croatia,0,0,1
2002,13 Jun 2002 - 20:30,Group G,away,Italy,1,1,1
2002,14 Jun 2002 - 15:30,Group H,away,Japan,3,2,0
2002,14 Jun 2002 - 20:30,Group D,away,Korea Republic,3,1,0
2002,14 Jun 2002 - 20:30,Group D,away,USA,0,1,3
2002,14 Jun 2002 - 15:30,Group H,away,Russia,0,2,3
2006,09 Jun 2006 - 18:00,Group A,away,Costa Rica,0,2,4
2006,09 Jun 2006 - 21:00,Group A,away,Ecuador,3,2,0
2006,10 Jun 2006 - 15:00,Group B,away,Paraguay,0,0,1
2006,10 Jun 2006 - 18:00,Group B,away,Sweden,1,0,0
2006,10 Jun 2006 - 21:00,Group C,away,C�te d'Ivoire,0,1,2
2006,11 Jun 2006 - 15:00,Group C,away,Netherlands,3,1,0
2006,11 Jun 2006 - 18:00,Group D,away,Iran,0,1,3
2006,11 Jun 2006 - 21:00,Group D,away,Portugal,3,1,0
2006,12 Jun 2006 - 15:00,Group F,away,Japan,0,1,3
2006,12 Jun 2006 - 18:00,Group E,away,Czech Republic,3,3,0
2006,12 Jun 2006 - 21:00,Group E,away,Ghana,0,0,2
2006,13 Jun 2006 - 15:00,Group G,away,Togo,0,1,2
2006,13 Jun 2006 - 18:00,Group G,away,Switzerland,1,0,0
2006,13 Jun 2006 - 21:00,Group F,away,Croatia,0,0,1
2006,14 Jun 2006 - 15:00,Group H,away,Ukraine,0,0,4
2006,14 Jun 2006 - 18:00,Group H,away,Saudi Arabia,1,2,2
2006,14 Jun 2006 - 21:00,Group A,away,Poland,0,0,1
2006,15 Jun 2006 - 15:00,Group A,away,Costa Rica,0,0,3
2006,15 Jun 2006 - 18:00,Group B,away,"rn"">Trinidad and Tobago",0,0,2
2006,15 Jun 2006 - 21:00,Group B,away,Paraguay,0,0,1
2006,16 Jun 2006 - 15:00,Group C,away,"rn"">Serbia and Montenegro",0,0,6
2006,16 Jun 2006 - 18:00,Group C,away,C�te d'Ivoire,0,1,2
2006,16 Jun 2006 - 21:00,Group D,away,Angola,1,0,0
2006,17 Jun 2006 - 15:00,Group D,away,IR Iran,0,0,2
2006,17 Jun 2006 - 18:00,Group E,away,Ghana,3,2,0
2006,17 Jun 2006 - 21:00,Group E,away,USA,1,1,1
2006,18 Jun 2006 - 15:00,Group F,away,Croatia,1,0,0
2006,18 Jun 2006 - 18:00,Group F,away,Australia,0,0,2
2006,18 Jun 2006 - 21:00,Group G,away,Korea Republic,1,1,1
2006,19 Jun 2006 - 15:00,Group G,away,Switzerland,3,2,0
2006,19 Jun 2006 - 18:00,Group H,away,Ukraine,3,4,0
2006,19 Jun 2006 - 21:00,Group H,away,Tunisia,0,1,3
2006,20 Jun 2006 - 16:00,Group A,away,Germany,3,3,0
2006,20 Jun 2006 - 16:00,Group A,away,Poland,3,2,1
2006,20 Jun 2006 - 21:00,Group B,away,England,1,2,2
2006,20 Jun 2006 - 21:00,Group B,away,"rn"">Trinidad and Tobago",0,0,2
2006,21 Jun 2006 - 16:00,Group D,away,Angola,1,1,1
2006,21 Jun 2006 - 16:00,Group D,away,Mexico,0,1,2
2006,21 Jun 2006 - 21:00,Group C,away,Argentina,1,0,0
2006,21 Jun 2006 - 21:00,Group C,away,"rn"">Serbia and Montenegro",0,2,3
2006,22 Jun 2006 - 16:00,Group E,away,Italy,3,2,0
2006,22 Jun 2006 - 16:00,Group E,away,USA,0,1,2
2006,22 Jun 2006 - 21:00,Group F,away,Brazil,3,4,1
2006,22 Jun 2006 - 21:00,Group F,away,Australia,1,2,2
2006,23 Jun 2006 - 16:00,Group H,away,Tunisia,0,0,1
2006,23 Jun 2006 - 16:00,Group H,away,Spain,3,1,0
2006,23 Jun 2006 - 21:00,Group G,away,France,3,2,0
2006,23 Jun 2006 - 21:00,Group G,away,Korea Republic,0,0,2
2010,11 Jun 2010 - 16:00,Group A,away,Mexico,1,1,1
2010,11 Jun 2010 - 20:30,Group A,away,France,1,0,0
2010,12 Jun 2010 - 13:30,Group B,away,Greece,0,0,2
2010,12 Jun 2010 - 16:00,Group B,away,Nigeria,0,0,1
2010,12 Jun 2010 - 20:30,Group C,away,USA,1,1,1
2010,13 Jun 2010 - 13:30,Group C,away,Slovenia,3,1,0
2010,13 Jun 2010 - 16:00,Group D,away,Ghana,3,1,0
2010,13 Jun 2010 - 20:30,Group D,away,Australia,0,0,4
2010,14 Jun 2010 - 13:30,Group E,away,Denmark,0,0,2
2010,14 Jun 2010 - 16:00,Group E,away,Cameroon,0,0,1
2010,14 Jun 2010 - 20:30,Group F,away,Paraguay,1,1,1
2010,15 Jun 2010 - 13:30,Group F,away,Slovakia,1,1,1
2010,15 Jun 2010 - 16:00,Group G,away,Portugal,1,0,0
2010,15 Jun 2010 - 20:30,Group G,away,Korea DPR,0,1,2
2010,16 Jun 2010 - 13:30,Group H,away,Chile,3,1,0
2010,16 Jun 2010 - 16:00,Group H,away,Switzerland,3,1,0
2010,16 Jun 2010 - 20:30,Group A,away,Uruguay,3,3,0
2010,17 Jun 2010 - 13:30,Group B,away,Korea Republic,0,1,4
2010,17 Jun 2010 - 16:00,Group B,away,Nigeria,0,1,2
2010,17 Jun 2010 - 20:30,Group A,away,Mexico,3,2,0
2010,18 Jun 2010 - 13:30,Group D,away,Serbia,3,1,0
2010,18 Jun 2010 - 16:00,Group C,away,USA,1,2,2
2010,18 Jun 2010 - 20:30,Group C,away,Algeria,1,0,0
2010,19 Jun 2010 - 13:30,Group E,away,Japan,0,0,1
2010,19 Jun 2010 - 16:00,Group D,away,Australia,1,1,1
2010,19 Jun 2010 - 20:30,Group E,away,Denmark,3,2,1
2010,20 Jun 2010 - 13:30,Group F,away,Paraguay,3,2,0
2010,20 Jun 2010 - 16:00,Group F,away,New Zealand,1,1,1
2010,20 Jun 2010 - 20:30,Group G,away,C�te d'Ivoire,0,1,3
2010,21 Jun 2010 - 13:30,Group G,away,Korea DPR,0,0,7
2010,21 Jun 2010 - 16:00,Group H,away,Switzerland,0,0,1
2010,21 Jun 2010 - 20:30,Group H,away,Honduras,0,0,2
2010,22 Jun 2010 - 16:00,Group A,away,Uruguay,3,1,0
2010,22 Jun 2010 - 16:00,Group A,away,South Africa,3,2,1
2010,22 Jun 2010 - 20:30,Group B,away,Korea Republic,1,2,2
2010,22 Jun 2010 - 20:30,Group B,away,Argentina,3,2,0
2010,23 Jun 2010 - 16:00,Group C,away,England,3,1,0
2010,23 Jun 2010 - 16:00,Group C,away,Algeria,0,0,1
2010,23 Jun 2010 - 20:30,Group D,away,Germany,3,1,0
2010,23 Jun 2010 - 20:30,Group D,away,Serbia,0,1,2
2010,24 Jun 2010 - 16:00,Group F,away,Italy,0,2,3
2010,24 Jun 2010 - 16:00,Group F,away,New Zealand,1,0,0
2010,24 Jun 2010 - 20:30,Group E,away,Japan,3,3,1
2010,24 Jun 2010 - 20:30,Group E,away,Netherlands,3,2,1
2010,25 Jun 2010 - 16:00,Group G,away,Brazil,1,0,0
2010,25 Jun 2010 - 16:00,Group G,away,C�te d'Ivoire,3,3,0
2010,25 Jun 2010 - 20:30,Group H,away,Spain,3,2,1
2010,25 Jun 2010 - 20:30,Group H,away,Honduras,1,0,0
2014,12 Jun 2014 - 17:00,Group A,away,Croatia,0,1,3
2014,13 Jun 2014 - 13:00,Group A,away,Cameroon,0,0,1
2014,13 Jun 2014 - 16:00,Group B,away,Netherlands,3,5,1
2014,13 Jun 2014 - 18:00,Group B,away,Australia,0,1,3
2014,14 Jun 2014 - 13:00,Group C,away,Greece,0,0,3
2014,14 Jun 2014 - 16:00,Group D,away,Costa Rica,3,3,1
2014,14 Jun 2014 - 18:00,Group D,away,Italy,3,2,1
2014,14 Jun 2014 - 22:00,Group C,away,Japan,0,1,2
2014,15 Jun 2014 - 13:00,Group E,away,Ecuador,0,1,2
2014,15 Jun 2014 - 16:00,Group E,away,Honduras,0,0,3
2014,15 Jun 2014 - 19:00,Group F,away,"rn"">Bosnia and Herzegovina",0,1,2
2014,16 Jun 2014 - 13:00,Group G,away,Portugal,0,0,4
2014,16 Jun 2014 - 16:00,Group F,away,Nigeria,1,0,0
2014,16 Jun 2014 - 19:00,Group G,away,USA,3,2,1
2014,17 Jun 2014 - 13:00,Group H,away,Algeria,0,1,2
2014,17 Jun 2014 - 16:00,Group A,away,Mexico,1,0,0
2014,17 Jun 2014 - 18:00,Group H,away,Korea Republic,1,1,1
2014,18 Jun 2014 - 13:00,Group B,away,Netherlands,3,3,2
2014,18 Jun 2014 - 16:00,Group B,away,Chile,3,2,0
2014,18 Jun 2014 - 18:00,Group A,away,Croatia,3,4,0
2014,19 Jun 2014 - 13:00,Group C,away,C�te d'Ivoire,0,1,2
2014,19 Jun 2014 - 16:00,Group D,away,England,0,1,2
2014,19 Jun 2014 - 19:00,Group C,away,Greece,1,0,0
2014,20 Jun 2014 - 13:00,Group D,away,Costa Rica,3,1,0
2014,20 Jun 2014 - 16:00,Group E,away,France,3,5,2
2014,20 Jun 2014 - 19:00,Group E,away,Ecuador,3,2,1
2014,21 Jun 2014 - 13:00,Group F,away,IR Iran,0,0,1
2014,21 Jun 2014 - 16:00,Group G,away,Ghana,1,2,2
2014,21 Jun 2014 - 18:00,Group F,away,"rn"">Bosnia and Herzegovina",0,0,1
2014,22 Jun 2014 - 13:00,Group H,away,Russia,0,0,1
2014,22 Jun 2014 - 16:00,Group H,away,Algeria,3,4,2
2014,22 Jun 2014 - 18:00,Group G,away,Portugal,1,2,2
2014,23 Jun 2014 - 13:00,Group B,away,Spain,3,3,0
2014,23 Jun 2014 - 13:00,Group B,away,Chile,0,0,2
2014,23 Jun 2014 - 17:00,Group A,away,Brazil,3,4,1
2014,23 Jun 2014 - 17:00,Group A,away,Mexico,3,3,1
2014,24 Jun 2014 - 13:00,Group D,away,Uruguay,3,1,0
2014,24 Jun 2014 - 13:00,Group D,away,England,1,0,0
2014,24 Jun 2014 - 16:00,Group C,away,Colombia,3,4,1
2014,24 Jun 2014 - 17:00,Group C,away,C�te d'Ivoire,0,1,2
2014,25 Jun 2014 - 13:00,Group F,away,Argentina,3,3,2
2014,25 Jun 2014 - 13:00,Group F,away,IR Iran,0,1,3
2014,25 Jun 2014 - 16:00,Group E,away,Switzerland,3,3,0
2014,25 Jun 2014 - 17:00,Group E,away,France,1,0,0
2014,26 Jun 2014 - 13:00,Group G,away,Germany,3,1,0
2014,26 Jun 2014 - 13:00,Group G,away,Ghana,0,1,2
2014,26 Jun 2014 - 17:00,Group H,away,Belgium,3,1,0
2014,26 Jun 2014 - 17:00,Group H,away,Russia,1,1,1
